Date,County,cum_hosp
2020-03-17,Fairfield,NA
2020-03-17,Hartford,NA
2020-03-17,Litchfield,NA
2020-03-17,New Haven,NA
2020-03-17,New London,NA
2020-03-17,Tolland,NA
2020-03-17,Windham,NA
2020-03-18,Fairfield,NA
2020-03-18,Hartford,NA
2020-03-18,Litchfield,NA
2020-03-18,Middlesex,NA
2020-03-18,New Haven,NA
2020-03-18,New London,NA
2020-03-18,Tolland,NA
2020-03-18,Windham,NA
2020-03-19,Fairfield,NA
2020-03-19,Hartford,NA
2020-03-19,Litchfield,NA
2020-03-19,Middlesex,NA
2020-03-19,New Haven,NA
2020-03-19,New London,NA
2020-03-19,Tolland,NA
2020-03-19,Windham,NA
2020-03-20,Fairfield,NA
2020-03-20,Hartford,NA
2020-03-20,Litchfield,NA
2020-03-20,Middlesex,NA
2020-03-20,New Haven,NA
2020-03-20,New London,NA
2020-03-20,Tolland,NA
2020-03-20,Windham,NA
2020-03-21,Fairfield,NA
2020-03-21,Hartford,NA
2020-03-21,Litchfield,NA
2020-03-21,Middlesex,NA
2020-03-21,New Haven,NA
2020-03-21,New London,NA
2020-03-21,Tolland,NA
2020-03-21,Windham,NA
2020-03-22,Fairfield,NA
2020-03-22,Hartford,NA
2020-03-22,Litchfield,NA
2020-03-22,Middlesex,NA
2020-03-22,New Haven,NA
2020-03-22,New London,NA
2020-03-22,Tolland,NA
2020-03-22,Windham,NA
2020-03-23,Fairfield,NA
2020-03-23,Hartford,NA
2020-03-23,Litchfield,NA
2020-03-23,Middlesex,NA
2020-03-23,New Haven,NA
2020-03-23,New London,NA
2020-03-23,Tolland,NA
2020-03-23,Windham,NA
2020-03-24,Fairfield,NA
2020-03-24,Hartford,NA
2020-03-24,Litchfield,NA
2020-03-24,Middlesex,NA
2020-03-24,New Haven,NA
2020-03-24,New London,NA
2020-03-24,Tolland,NA
2020-03-24,Windham,NA
2020-03-25,Fairfield,NA
2020-03-25,Hartford,NA
2020-03-25,Litchfield,NA
2020-03-25,Middlesex,NA
2020-03-25,New Haven,NA
2020-03-25,New London,NA
2020-03-25,Tolland,NA
2020-03-25,Windham,NA
2020-03-26,Fairfield,NA
2020-03-26,Hartford,NA
2020-03-26,Litchfield,NA
2020-03-26,Middlesex,NA
2020-03-26,New Haven,NA
2020-03-26,New London,NA
2020-03-26,Tolland,NA
2020-03-26,Windham,NA
2020-03-27,Fairfield,NA
2020-03-27,Hartford,NA
2020-03-27,Litchfield,NA
2020-03-27,Middlesex,NA
2020-03-27,New Haven,NA
2020-03-27,New London,NA
2020-03-27,Tolland,NA
2020-03-27,Windham,NA
2020-03-28,Fairfield,NA
2020-03-28,Hartford,NA
2020-03-28,Litchfield,NA
2020-03-28,Middlesex,NA
2020-03-28,New Haven,NA
2020-03-28,New London,NA
2020-03-28,Tolland,NA
2020-03-28,Windham,NA
2020-03-29,Fairfield,NA
2020-03-29,Hartford,NA
2020-03-29,Litchfield,NA
2020-03-29,Middlesex,NA
2020-03-29,New Haven,NA
2020-03-29,New London,NA
2020-03-29,Tolland,NA
2020-03-29,Windham,NA
2020-03-30,Fairfield,NA
2020-03-30,Hartford,NA
2020-03-30,Litchfield,NA
2020-03-30,Middlesex,NA
2020-03-30,New Haven,NA
2020-03-30,New London,NA
2020-03-30,Tolland,NA
2020-03-30,Windham,NA
2020-03-31,Fairfield,NA
2020-03-31,Hartford,NA
2020-03-31,Litchfield,NA
2020-03-31,Middlesex,NA
2020-03-31,New Haven,NA
2020-03-31,New London,NA
2020-03-31,Tolland,NA
2020-03-31,Windham,NA
2020-04-01,Fairfield,NA
2020-04-01,Hartford,NA
2020-04-01,Litchfield,NA
2020-04-01,Middlesex,NA
2020-04-01,New Haven,NA
2020-04-01,New London,NA
2020-04-01,Tolland,NA
2020-04-01,Windham,NA
2020-04-02,Fairfield,NA
2020-04-02,Hartford,NA
2020-04-02,Litchfield,NA
2020-04-02,Middlesex,NA
2020-04-02,New Haven,NA
2020-04-02,New London,NA
2020-04-02,Tolland,NA
2020-04-02,Windham,NA
2020-04-03,Fairfield,NA
2020-04-03,Hartford,NA
2020-04-03,Litchfield,NA
2020-04-03,Middlesex,NA
2020-04-03,New Haven,NA
2020-04-03,New London,NA
2020-04-03,Tolland,NA
2020-04-03,Windham,NA
2020-04-04,Fairfield,NA
2020-04-04,Hartford,NA
2020-04-04,Litchfield,NA
2020-04-04,Middlesex,NA
2020-04-04,New Haven,NA
2020-04-04,New London,NA
2020-04-04,Tolland,NA
2020-04-04,Windham,NA
2020-04-05,Fairfield,NA
2020-04-05,Hartford,NA
2020-04-05,Litchfield,NA
2020-04-05,Middlesex,NA
2020-04-05,New Haven,NA
2020-04-05,New London,NA
2020-04-05,Tolland,NA
2020-04-05,Windham,NA
2020-04-06,Fairfield,NA
2020-04-06,Hartford,NA
2020-04-06,Litchfield,NA
2020-04-06,Middlesex,NA
2020-04-06,New Haven,NA
2020-04-06,New London,NA
2020-04-06,Tolland,NA
2020-04-06,Windham,NA
2020-04-07,Fairfield,1026
2020-04-07,Hartford,311
2020-04-07,Litchfield,48
2020-04-07,Middlesex,147
2020-04-07,New Haven,672
2020-04-07,New London,14
2020-04-07,Tolland,15
2020-04-07,Windham,0
2020-04-08,Fairfield,1138
2020-04-08,Hartford,364
2020-04-08,Litchfield,60
2020-04-08,Middlesex,147
2020-04-08,New Haven,717
2020-04-08,New London,14
2020-04-08,Tolland,15
2020-04-08,Windham,6
2020-04-09,Fairfield,1220
2020-04-09,Hartford,426
2020-04-09,Litchfield,73
2020-04-09,Middlesex,149
2020-04-09,New Haven,763
2020-04-09,New London,17
2020-04-09,Tolland,15
2020-04-09,Windham,8
2020-04-10,Fairfield,1315
2020-04-10,Hartford,499
2020-04-10,Litchfield,81
2020-04-10,Middlesex,161
2020-04-10,New Haven,831
2020-04-10,New London,17
2020-04-10,Tolland,15
2020-04-10,Windham,10
2020-04-11,Fairfield,1401
2020-04-11,Hartford,566
2020-04-11,Litchfield,87
2020-04-11,Middlesex,176
2020-04-11,New Haven,892
2020-04-11,New London,17
2020-04-11,Tolland,15
2020-04-11,Windham,11
2020-04-12,Fairfield,1471
2020-04-12,Hartford,627
2020-04-12,Litchfield,93
2020-04-12,Middlesex,187
2020-04-12,New Haven,944
2020-04-12,New London,24
2020-04-12,Tolland,15
2020-04-12,Windham,12
2020-04-13,Fairfield,1555
2020-04-13,Hartford,677
2020-04-13,Litchfield,104
2020-04-13,Middlesex,206
2020-04-13,New Haven,1013
2020-04-13,New London,27
2020-04-13,Tolland,16
2020-04-13,Windham,15
2020-04-14,Fairfield,1665
2020-04-14,Hartford,753
2020-04-14,Litchfield,110
2020-04-14,Middlesex,226
2020-04-14,New Haven,1092
2020-04-14,New London,29
2020-04-14,Tolland,19
2020-04-14,Windham,19
2020-04-15,Fairfield,1764
2020-04-15,Hartford,852
2020-04-15,Litchfield,115
2020-04-15,Middlesex,238
2020-04-15,New Haven,1143
2020-04-15,New London,38
2020-04-15,Tolland,21
2020-04-15,Windham,23
2020-04-16,Fairfield,1852
2020-04-16,Hartford,932
2020-04-16,Litchfield,123
2020-04-16,Middlesex,251
2020-04-16,New Haven,1194
2020-04-16,New London,41
2020-04-16,Tolland,24
2020-04-16,Windham,26
2020-04-17,Fairfield,1903
2020-04-17,Hartford,1026
2020-04-17,Litchfield,126
2020-04-17,Middlesex,260
2020-04-17,New Haven,1250
2020-04-17,New London,45
2020-04-17,Tolland,33
2020-04-17,Windham,30
2020-04-18,Fairfield,1968
2020-04-18,Hartford,1088
2020-04-18,Litchfield,130
2020-04-18,Middlesex,268
2020-04-18,New Haven,1300
2020-04-18,New London,54
2020-04-18,Tolland,33
2020-04-18,Windham,30
2020-04-19,Fairfield,2034
2020-04-19,Hartford,1161
2020-04-19,Litchfield,133
2020-04-19,Middlesex,268
2020-04-19,New Haven,1344
2020-04-19,New London,58
2020-04-19,Tolland,34
2020-04-19,Windham,32
2020-04-20,Fairfield,2086
2020-04-20,Hartford,1246
2020-04-20,Litchfield,137
2020-04-20,Middlesex,282
2020-04-20,New Haven,1367
2020-04-20,New London,63
2020-04-20,Tolland,36
2020-04-20,Windham,33
2020-04-21,Fairfield,2164
2020-04-21,Hartford,1338
2020-04-21,Litchfield,145
2020-04-21,Middlesex,296
2020-04-21,New Haven,1417
2020-04-21,New London,71
2020-04-21,Tolland,36
2020-04-21,Windham,37
2020-04-22,Fairfield,2234
2020-04-22,Hartford,1400
2020-04-22,Litchfield,153
2020-04-22,Middlesex,303
2020-04-22,New Haven,1473
2020-04-22,New London,81
2020-04-22,Tolland,36
2020-04-22,Windham,40
2020-04-23,Fairfield,2284
2020-04-23,Hartford,1493
2020-04-23,Litchfield,160
2020-04-23,Middlesex,313
2020-04-23,New Haven,1524
2020-04-23,New London,85
2020-04-23,Tolland,36
2020-04-23,Windham,43
2020-04-24,Fairfield,2342
2020-04-24,Hartford,1573
2020-04-24,Litchfield,168
2020-04-24,Middlesex,321
2020-04-24,New Haven,1570
2020-04-24,New London,94
2020-04-24,Tolland,38
2020-04-24,Windham,46
2020-04-25,Fairfield,2401
2020-04-25,Hartford,1648
2020-04-25,Litchfield,176
2020-04-25,Middlesex,331
2020-04-25,New Haven,1623
2020-04-25,New London,105
2020-04-25,Tolland,39
2020-04-25,Windham,49
2020-04-26,Fairfield,2442
2020-04-26,Hartford,1704
2020-04-26,Litchfield,181
2020-04-26,Middlesex,343
2020-04-26,New Haven,1663
2020-04-26,New London,111
2020-04-26,Tolland,39
2020-04-26,Windham,51
2020-04-27,Fairfield,2486
2020-04-27,Hartford,1778
2020-04-27,Litchfield,186
2020-04-27,Middlesex,357
2020-04-27,New Haven,1703
2020-04-27,New London,120
2020-04-27,Tolland,40
2020-04-27,Windham,53
2020-04-28,Fairfield,2536
2020-04-28,Hartford,1867
2020-04-28,Litchfield,198
2020-04-28,Middlesex,376
2020-04-28,New Haven,1748
2020-04-28,New London,126
2020-04-28,Tolland,40
2020-04-28,Windham,57
2020-04-29,Fairfield,2588
2020-04-29,Hartford,1990
2020-04-29,Litchfield,209
2020-04-29,Middlesex,389
2020-04-29,New Haven,1797
2020-04-29,New London,141
2020-04-29,Tolland,40
2020-04-29,Windham,61
2020-04-30,Fairfield,2632
2020-04-30,Hartford,2094
2020-04-30,Litchfield,223
2020-04-30,Middlesex,408
2020-04-30,New Haven,1841
2020-04-30,New London,154
2020-04-30,Tolland,42
2020-04-30,Windham,63
2020-05-01,Fairfield,2668
2020-05-01,Hartford,2200
2020-05-01,Litchfield,233
2020-05-01,Middlesex,416
2020-05-01,New Haven,1894
2020-05-01,New London,173
2020-05-01,Tolland,43
2020-05-01,Windham,67
2020-05-02,Fairfield,2722
2020-05-02,Hartford,2282
2020-05-02,Litchfield,242
2020-05-02,Middlesex,428
2020-05-02,New Haven,1933
2020-05-02,New London,194
2020-05-02,Tolland,43
2020-05-02,Windham,75
2020-05-03,Fairfield,2751
2020-05-03,Hartford,2354
2020-05-03,Litchfield,250
2020-05-03,Middlesex,444
2020-05-03,New Haven,1958
2020-05-03,New London,206
2020-05-03,Tolland,43
2020-05-03,Windham,80
2020-05-04,Fairfield,2785
2020-05-04,Hartford,2501
2020-05-04,Litchfield,257
2020-05-04,Middlesex,454
2020-05-04,New Haven,2006
2020-05-04,New London,222
2020-05-04,Tolland,45
2020-05-04,Windham,89
2020-05-05,Fairfield,2830
2020-05-05,Hartford,2605
2020-05-05,Litchfield,270
2020-05-05,Middlesex,470
2020-05-05,New Haven,2055
2020-05-05,New London,244
2020-05-05,Tolland,45
2020-05-05,Windham,94
2020-05-06,Fairfield,2873
2020-05-06,Hartford,2705
2020-05-06,Litchfield,281
2020-05-06,Middlesex,481
2020-05-06,New Haven,2114
2020-05-06,New London,262
2020-05-06,Tolland,46
2020-05-06,Windham,98
2020-05-07,Fairfield,2912
2020-05-07,Hartford,2819
2020-05-07,Litchfield,301
2020-05-07,Middlesex,498
2020-05-07,New Haven,2150
2020-05-07,New London,280
2020-05-07,Tolland,46
2020-05-07,Windham,107
2020-05-08,Fairfield,2951
2020-05-08,Hartford,2904
2020-05-08,Litchfield,315
2020-05-08,Middlesex,512
2020-05-08,New Haven,2204
2020-05-08,New London,293
2020-05-08,Tolland,48
2020-05-08,Windham,111
2020-05-09,Fairfield,2995
2020-05-09,Hartford,2992
2020-05-09,Litchfield,326
2020-05-09,Middlesex,526
2020-05-09,New Haven,2252
2020-05-09,New London,311
2020-05-09,Tolland,49
2020-05-09,Windham,115
2020-05-10,Fairfield,3018
2020-05-10,Hartford,3061
2020-05-10,Litchfield,335
2020-05-10,Middlesex,537
2020-05-10,New Haven,2273
2020-05-10,New London,323
2020-05-10,Tolland,49
2020-05-10,Windham,122
2020-05-11,Fairfield,3040
2020-05-11,Hartford,3146
2020-05-11,Litchfield,348
2020-05-11,Middlesex,547
2020-05-11,New Haven,2316
2020-05-11,New London,335
2020-05-11,Tolland,49
2020-05-11,Windham,128
2020-05-12,Fairfield,3083
2020-05-12,Hartford,3253
2020-05-12,Litchfield,358
2020-05-12,Middlesex,565
2020-05-12,New Haven,2370
2020-05-12,New London,350
2020-05-12,Tolland,50
2020-05-12,Windham,136
2020-05-13,Fairfield,3115
2020-05-13,Hartford,3367
2020-05-13,Litchfield,372
2020-05-13,Middlesex,580
2020-05-13,New Haven,2412
2020-05-13,New London,375
2020-05-13,Tolland,50
2020-05-13,Windham,146
2020-05-14,Fairfield,3138
2020-05-14,Hartford,3440
2020-05-14,Litchfield,378
2020-05-14,Middlesex,601
2020-05-14,New Haven,2452
2020-05-14,New London,402
2020-05-14,Tolland,50
2020-05-14,Windham,152
2020-05-15,Fairfield,3169
2020-05-15,Hartford,3545
2020-05-15,Litchfield,385
2020-05-15,Middlesex,618
2020-05-15,New Haven,2492
2020-05-15,New London,422
2020-05-15,Tolland,50
2020-05-15,Windham,161
2020-05-16,Fairfield,3198
2020-05-16,Hartford,3638
2020-05-16,Litchfield,392
2020-05-16,Middlesex,636
2020-05-16,New Haven,2522
2020-05-16,New London,429
2020-05-16,Tolland,50
2020-05-16,Windham,165
2020-05-17,Fairfield,3223
2020-05-17,Hartford,3708
2020-05-17,Litchfield,403
2020-05-17,Middlesex,646
2020-05-17,New Haven,2545
2020-05-17,New London,441
2020-05-17,Tolland,50
2020-05-17,Windham,171
2020-05-18,Fairfield,3238
2020-05-18,Hartford,3795
2020-05-18,Litchfield,409
2020-05-18,Middlesex,657
2020-05-18,New Haven,2573
2020-05-18,New London,455
2020-05-18,Tolland,51
2020-05-18,Windham,180
2020-05-19,Fairfield,3265
2020-05-19,Hartford,3900
2020-05-19,Litchfield,423
2020-05-19,Middlesex,681
2020-05-19,New Haven,2608
2020-05-19,New London,477
2020-05-19,Tolland,51
2020-05-19,Windham,183
2020-05-20,Fairfield,3291
2020-05-20,Hartford,4025
2020-05-20,Litchfield,430
2020-05-20,Middlesex,704
2020-05-20,New Haven,2637
2020-05-20,New London,491
2020-05-20,Tolland,51
2020-05-20,Windham,190
2020-05-21,Fairfield,3309
2020-05-21,Hartford,4113
2020-05-21,Litchfield,443
2020-05-21,Middlesex,730
2020-05-21,New Haven,2663
2020-05-21,New London,505
2020-05-21,Tolland,51
2020-05-21,Windham,195
2020-05-22,Fairfield,3341
2020-05-22,Hartford,4208
2020-05-22,Litchfield,455
2020-05-22,Middlesex,744
2020-05-22,New Haven,2694
2020-05-22,New London,517
2020-05-22,Tolland,51
2020-05-22,Windham,200
2020-05-23,Fairfield,3379
2020-05-23,Hartford,4319
2020-05-23,Litchfield,461
2020-05-23,Middlesex,758
2020-05-23,New Haven,2735
2020-05-23,New London,534
2020-05-23,Tolland,51
2020-05-23,Windham,203
2020-05-24,Fairfield,3403
2020-05-24,Hartford,4396
2020-05-24,Litchfield,474
2020-05-24,Middlesex,767
2020-05-24,New Haven,2772
2020-05-24,New London,552
2020-05-24,Tolland,51
2020-05-24,Windham,209
2020-05-25,Fairfield,3427
2020-05-25,Hartford,4479
2020-05-25,Litchfield,484
2020-05-25,Middlesex,776
2020-05-25,New Haven,2801
2020-05-25,New London,570
2020-05-25,Tolland,51
2020-05-25,Windham,216
2020-05-26,Fairfield,3467
2020-05-26,Hartford,4583
2020-05-26,Litchfield,494
2020-05-26,Middlesex,785
2020-05-26,New Haven,2820
2020-05-26,New London,584
2020-05-26,Tolland,51
2020-05-26,Windham,224
2020-05-27,Fairfield,3497
2020-05-27,Hartford,4714
2020-05-27,Litchfield,516
2020-05-27,Middlesex,793
2020-05-27,New Haven,2851
2020-05-27,New London,604
2020-05-27,Tolland,53
2020-05-27,Windham,238
2020-05-28,Fairfield,3535
2020-05-28,Hartford,4819
2020-05-28,Litchfield,524
2020-05-28,Middlesex,799
2020-05-28,New Haven,2879
2020-05-28,New London,629
2020-05-28,Tolland,53
2020-05-28,Windham,245
2020-05-29,Fairfield,3564
2020-05-29,Hartford,4853
2020-05-29,Litchfield,533
2020-05-29,Middlesex,816
2020-05-29,New Haven,2888
2020-05-29,New London,632
2020-05-29,Tolland,53
2020-05-29,Windham,250
2020-05-30,Fairfield,3594
2020-05-30,Hartford,4890
2020-05-30,Litchfield,536
2020-05-30,Middlesex,824
2020-05-30,New Haven,2906
2020-05-30,New London,636
2020-05-30,Tolland,53
2020-05-30,Windham,251
2020-05-31,Fairfield,3617
2020-05-31,Hartford,4920
2020-05-31,Litchfield,546
2020-05-31,Middlesex,835
2020-05-31,New Haven,2915
2020-05-31,New London,640
2020-05-31,Tolland,53
2020-05-31,Windham,251
2020-06-01,Fairfield,3645
2020-06-01,Hartford,4950
2020-06-01,Litchfield,552
2020-06-01,Middlesex,844
2020-06-01,New Haven,2926
2020-06-01,New London,642
2020-06-01,Tolland,53
2020-06-01,Windham,254
2020-06-02,Fairfield,3668
2020-06-02,Hartford,4988
2020-06-02,Litchfield,560
2020-06-02,Middlesex,858
2020-06-02,New Haven,2937
2020-06-02,New London,646
2020-06-02,Tolland,53
2020-06-02,Windham,255
2020-06-03,Fairfield,3704
2020-06-03,Hartford,5013
2020-06-03,Litchfield,564
2020-06-03,Middlesex,872
2020-06-03,New Haven,2956
2020-06-03,New London,652
2020-06-03,Tolland,53
2020-06-03,Windham,260
2020-06-04,Fairfield,3727
2020-06-04,Hartford,5044
2020-06-04,Litchfield,577
2020-06-04,Middlesex,883
2020-06-04,New Haven,2978
2020-06-04,New London,654
2020-06-04,Tolland,53
2020-06-04,Windham,263
2020-06-05,Fairfield,3756
2020-06-05,Hartford,5086
2020-06-05,Litchfield,587
2020-06-05,Middlesex,889
2020-06-05,New Haven,3004
2020-06-05,New London,656
2020-06-05,Tolland,53
2020-06-05,Windham,268
2020-06-06,Fairfield,3780
2020-06-06,Hartford,5117
2020-06-06,Litchfield,595
2020-06-06,Middlesex,900
2020-06-06,New Haven,3019
2020-06-06,New London,660
2020-06-06,Tolland,53
2020-06-06,Windham,272
2020-06-07,Fairfield,3806
2020-06-07,Hartford,5128
2020-06-07,Litchfield,605
2020-06-07,Middlesex,909
2020-06-07,New Haven,3028
2020-06-07,New London,664
2020-06-07,Tolland,53
2020-06-07,Windham,272
2020-06-08,Fairfield,3829
2020-06-08,Hartford,5148
2020-06-08,Litchfield,612
2020-06-08,Middlesex,917
2020-06-08,New Haven,3046
2020-06-08,New London,669
2020-06-08,Tolland,54
2020-06-08,Windham,273
2020-06-09,Fairfield,3863
2020-06-09,Hartford,5178
2020-06-09,Litchfield,620
2020-06-09,Middlesex,925
2020-06-09,New Haven,3066
2020-06-09,New London,675
2020-06-09,Tolland,54
2020-06-09,Windham,275
2020-06-10,Fairfield,3908
2020-06-10,Hartford,5203
2020-06-10,Litchfield,632
2020-06-10,Middlesex,936
2020-06-10,New Haven,3094
2020-06-10,New London,679
2020-06-10,Tolland,54
2020-06-10,Windham,279
2020-06-11,Fairfield,3949
2020-06-11,Hartford,5234
2020-06-11,Litchfield,634
2020-06-11,Middlesex,953
2020-06-11,New Haven,3103
2020-06-11,New London,688
2020-06-11,Tolland,54
2020-06-11,Windham,281
2020-06-12,Fairfield,3977
2020-06-12,Hartford,5258
2020-06-12,Litchfield,641
2020-06-12,Middlesex,964
2020-06-12,New Haven,3129
2020-06-12,New London,694
2020-06-12,Tolland,54
2020-06-12,Windham,281
2020-06-13,Fairfield,4013
2020-06-13,Hartford,5268
2020-06-13,Litchfield,645
2020-06-13,Middlesex,973
2020-06-13,New Haven,3141
2020-06-13,New London,702
2020-06-13,Tolland,54
2020-06-13,Windham,281
2020-06-14,Fairfield,4042
2020-06-14,Hartford,5288
2020-06-14,Litchfield,650
2020-06-14,Middlesex,979
2020-06-14,New Haven,3152
2020-06-14,New London,710
2020-06-14,Tolland,54
2020-06-14,Windham,281
2020-06-15,Fairfield,4076
2020-06-15,Hartford,5308
2020-06-15,Litchfield,655
2020-06-15,Middlesex,987
2020-06-15,New Haven,3166
2020-06-15,New London,717
2020-06-15,Tolland,54
2020-06-15,Windham,284
2020-06-16,Fairfield,4112
2020-06-16,Hartford,5328
2020-06-16,Litchfield,659
2020-06-16,Middlesex,996
2020-06-16,New Haven,3190
2020-06-16,New London,721
2020-06-16,Tolland,54
2020-06-16,Windham,286
2020-06-17,Fairfield,4161
2020-06-17,Hartford,5349
2020-06-17,Litchfield,664
2020-06-17,Middlesex,1004
2020-06-17,New Haven,3217
2020-06-17,New London,726
2020-06-17,Tolland,54
2020-06-17,Windham,289
2020-06-18,Fairfield,4199
2020-06-18,Hartford,5370
2020-06-18,Litchfield,673
2020-06-18,Middlesex,1011
2020-06-18,New Haven,3241
2020-06-18,New London,734
2020-06-18,Tolland,54
2020-06-18,Windham,291
2020-06-19,Fairfield,4245
2020-06-19,Hartford,5396
2020-06-19,Litchfield,678
2020-06-19,Middlesex,1020
2020-06-19,New Haven,3257
2020-06-19,New London,740
2020-06-19,Tolland,54
2020-06-19,Windham,292
2020-06-20,Fairfield,4280
2020-06-20,Hartford,5408
2020-06-20,Litchfield,681
2020-06-20,Middlesex,1030
2020-06-20,New Haven,3275
2020-06-20,New London,742
2020-06-20,Tolland,54
2020-06-20,Windham,292
2020-06-21,Fairfield,4319
2020-06-21,Hartford,5422
2020-06-21,Litchfield,685
2020-06-21,Middlesex,1035
2020-06-21,New Haven,3295
2020-06-21,New London,748
2020-06-21,Tolland,54
2020-06-21,Windham,297
2020-06-22,Fairfield,4349
2020-06-22,Hartford,5441
2020-06-22,Litchfield,693
2020-06-22,Middlesex,1044
2020-06-22,New Haven,3314
2020-06-22,New London,755
2020-06-22,Tolland,54
2020-06-22,Windham,298
2020-06-23,Fairfield,4392
2020-06-23,Hartford,5454
2020-06-23,Litchfield,705
2020-06-23,Middlesex,1057
2020-06-23,New Haven,3333
2020-06-23,New London,763
2020-06-23,Tolland,54
2020-06-23,Windham,301
2020-06-24,Fairfield,4434
2020-06-24,Hartford,5476
2020-06-24,Litchfield,715
2020-06-24,Middlesex,1069
2020-06-24,New Haven,3360
2020-06-24,New London,771
2020-06-24,Tolland,54
2020-06-24,Windham,301
2020-06-25,Fairfield,4474
2020-06-25,Hartford,5495
2020-06-25,Litchfield,716
2020-06-25,Middlesex,1081
2020-06-25,New Haven,3381
2020-06-25,New London,845
2020-06-25,Tolland,54
2020-06-25,Windham,304
2020-06-26,Fairfield,4509
2020-06-26,Hartford,5514
2020-06-26,Litchfield,724
2020-06-26,Middlesex,1092
2020-06-26,New Haven,3404
2020-06-26,New London,853
2020-06-26,Tolland,54
2020-06-26,Windham,305
2020-06-27,Fairfield,4543
2020-06-27,Hartford,5532
2020-06-27,Litchfield,729
2020-06-27,Middlesex,1103
2020-06-27,New Haven,3423
2020-06-27,New London,859
2020-06-27,Tolland,54
2020-06-27,Windham,307
2020-06-28,Fairfield,4577
2020-06-28,Hartford,5540
2020-06-28,Litchfield,734
2020-06-28,Middlesex,1113
2020-06-28,New Haven,3448
2020-06-28,New London,860
2020-06-28,Tolland,54
2020-06-28,Windham,307
2020-06-29,Fairfield,4608
2020-06-29,Hartford,5558
2020-06-29,Litchfield,746
2020-06-29,Middlesex,1119
2020-06-29,New Haven,3467
2020-06-29,New London,863
2020-06-29,Tolland,54
2020-06-29,Windham,308
2020-06-30,Fairfield,4660
2020-06-30,Hartford,5585
2020-06-30,Litchfield,752
2020-06-30,Middlesex,1127
2020-06-30,New Haven,3485
2020-06-30,New London,868
2020-06-30,Tolland,54
2020-06-30,Windham,310
2020-07-01,Fairfield,4685
2020-07-01,Hartford,5606
2020-07-01,Litchfield,756
2020-07-01,Middlesex,1134
2020-07-01,New Haven,3502
2020-07-01,New London,874
2020-07-01,Tolland,54
2020-07-01,Windham,312
2020-07-02,Fairfield,4724
2020-07-02,Hartford,5624
2020-07-02,Litchfield,760
2020-07-02,Middlesex,1144
2020-07-02,New Haven,3514
2020-07-02,New London,875
2020-07-02,Tolland,54
2020-07-02,Windham,312
2020-07-03,Fairfield,4758
2020-07-03,Hartford,5642
2020-07-03,Litchfield,764
2020-07-03,Middlesex,1153
2020-07-03,New Haven,3542
2020-07-03,New London,888
2020-07-03,Tolland,54
2020-07-03,Windham,318
2020-07-04,Fairfield,4782
2020-07-04,Hartford,5659
2020-07-04,Litchfield,775
2020-07-04,Middlesex,1157
2020-07-04,New Haven,3559
2020-07-04,New London,892
2020-07-04,Tolland,54
2020-07-04,Windham,320
2020-07-05,Fairfield,4817
2020-07-05,Hartford,5678
2020-07-05,Litchfield,782
2020-07-05,Middlesex,1165
2020-07-05,New Haven,3579
2020-07-05,New London,894
2020-07-05,Tolland,54
2020-07-05,Windham,323
2020-07-06,Fairfield,4851
2020-07-06,Hartford,5696
2020-07-06,Litchfield,788
2020-07-06,Middlesex,1174
2020-07-06,New Haven,3592
2020-07-06,New London,899
2020-07-06,Tolland,54
2020-07-06,Windham,331
2020-07-07,Fairfield,4892
2020-07-07,Hartford,5709
2020-07-07,Litchfield,790
2020-07-07,Middlesex,1181
2020-07-07,New Haven,3609
2020-07-07,New London,907
2020-07-07,Tolland,54
2020-07-07,Windham,333
2020-07-08,Fairfield,4932
2020-07-08,Hartford,5725
2020-07-08,Litchfield,803
2020-07-08,Middlesex,1191
2020-07-08,New Haven,3623
2020-07-08,New London,914
2020-07-08,Tolland,54
2020-07-08,Windham,335
2020-07-09,Fairfield,4968
2020-07-09,Hartford,5747
2020-07-09,Litchfield,809
2020-07-09,Middlesex,1198
2020-07-09,New Haven,3641
2020-07-09,New London,919
2020-07-09,Tolland,54
2020-07-09,Windham,337
2020-07-10,Fairfield,4993
2020-07-10,Hartford,5755
2020-07-10,Litchfield,813
2020-07-10,Middlesex,1205
2020-07-10,New Haven,3661
2020-07-10,New London,924
2020-07-10,Tolland,54
2020-07-10,Windham,341
2020-07-11,Fairfield,5020
2020-07-11,Hartford,5762
2020-07-11,Litchfield,819
2020-07-11,Middlesex,1215
2020-07-11,New Haven,3681
2020-07-11,New London,924
2020-07-11,Tolland,54
2020-07-11,Windham,341
2020-07-12,Fairfield,5054
2020-07-12,Hartford,5780
2020-07-12,Litchfield,820
2020-07-12,Middlesex,1223
2020-07-12,New Haven,3699
2020-07-12,New London,927
2020-07-12,Tolland,54
2020-07-12,Windham,342
2020-07-13,Fairfield,5071
2020-07-13,Hartford,5792
2020-07-13,Litchfield,823
2020-07-13,Middlesex,1233
2020-07-13,New Haven,3718
2020-07-13,New London,932
2020-07-13,Tolland,54
2020-07-13,Windham,343
2020-07-14,Fairfield,5100
2020-07-14,Hartford,5808
2020-07-14,Litchfield,827
2020-07-14,Middlesex,1243
2020-07-14,New Haven,3746
2020-07-14,New London,942
2020-07-14,Tolland,54
2020-07-14,Windham,345
2020-07-15,Fairfield,5126
2020-07-15,Hartford,5826
2020-07-15,Litchfield,832
2020-07-15,Middlesex,1252
2020-07-15,New Haven,3769
2020-07-15,New London,948
2020-07-15,Tolland,54
2020-07-15,Windham,348
2020-07-16,Fairfield,5166
2020-07-16,Hartford,5840
2020-07-16,Litchfield,832
2020-07-16,Middlesex,1260
2020-07-16,New Haven,3791
2020-07-16,New London,952
2020-07-16,Tolland,54
2020-07-16,Windham,348
2020-07-17,Fairfield,5201
2020-07-17,Hartford,5854
2020-07-17,Litchfield,834
2020-07-17,Middlesex,1268
2020-07-17,New Haven,3802
2020-07-17,New London,957
2020-07-17,Tolland,54
2020-07-17,Windham,348
2020-07-18,Fairfield,5235
2020-07-18,Hartford,5862
2020-07-18,Litchfield,836
2020-07-18,Middlesex,1274
2020-07-18,New Haven,3827
2020-07-18,New London,964
2020-07-18,Tolland,54
2020-07-18,Windham,350
2020-07-19,Fairfield,5265
2020-07-19,Hartford,5878
2020-07-19,Litchfield,842
2020-07-19,Middlesex,1275
2020-07-19,New Haven,3848
2020-07-19,New London,969
2020-07-19,Tolland,54
2020-07-19,Windham,351
2020-07-20,Fairfield,5299
2020-07-20,Hartford,5891
2020-07-20,Litchfield,849
2020-07-20,Middlesex,1282
2020-07-20,New Haven,3859
2020-07-20,New London,973
2020-07-20,Tolland,54
2020-07-20,Windham,352
2020-07-21,Fairfield,5331
2020-07-21,Hartford,5904
2020-07-21,Litchfield,854
2020-07-21,Middlesex,1289
2020-07-21,New Haven,3881
2020-07-21,New London,977
2020-07-21,Tolland,54
2020-07-21,Windham,355
2020-07-22,Fairfield,5355
2020-07-22,Hartford,5908
2020-07-22,Litchfield,859
2020-07-22,Middlesex,1299
2020-07-22,New Haven,3901
2020-07-22,New London,980
2020-07-22,Tolland,54
2020-07-22,Windham,357
2020-07-23,Fairfield,5364
2020-07-23,Hartford,5918
2020-07-23,Litchfield,863
2020-07-23,Middlesex,1299
2020-07-23,New Haven,3911
2020-07-23,New London,980
2020-07-23,Tolland,54
2020-07-23,Windham,358
2020-07-24,Fairfield,5376
2020-07-24,Hartford,5940
2020-07-24,Litchfield,867
2020-07-24,Middlesex,1299
2020-07-24,New Haven,3919
2020-07-24,New London,981
2020-07-24,Tolland,54
2020-07-24,Windham,360
2020-07-25,Fairfield,5384
2020-07-25,Hartford,5981
2020-07-25,Litchfield,873
2020-07-25,Middlesex,1299
2020-07-25,New Haven,3924
2020-07-25,New London,981
2020-07-25,Tolland,54
2020-07-25,Windham,361
2020-07-26,Fairfield,5390
2020-07-26,Hartford,5998
2020-07-26,Litchfield,873
2020-07-26,Middlesex,1299
2020-07-26,New Haven,3929
2020-07-26,New London,982
2020-07-26,Tolland,54
2020-07-26,Windham,362
2020-07-27,Fairfield,5403
2020-07-27,Hartford,6025
2020-07-27,Litchfield,874
2020-07-27,Middlesex,1299
2020-07-27,New Haven,3934
2020-07-27,New London,983
2020-07-27,Tolland,54
2020-07-27,Windham,365
2020-07-28,Fairfield,5412
2020-07-28,Hartford,6061
2020-07-28,Litchfield,876
2020-07-28,Middlesex,1299
2020-07-28,New Haven,3943
2020-07-28,New London,986
2020-07-28,Tolland,54
2020-07-28,Windham,368
2020-07-29,Fairfield,5425
2020-07-29,Hartford,6088
2020-07-29,Litchfield,879
2020-07-29,Middlesex,1299
2020-07-29,New Haven,3948
2020-07-29,New London,987
2020-07-29,Tolland,54
2020-07-29,Windham,369
2020-07-30,Fairfield,5433
2020-07-30,Hartford,6114
2020-07-30,Litchfield,886
2020-07-30,Middlesex,1299
2020-07-30,New Haven,3958
2020-07-30,New London,990
2020-07-30,Tolland,54
2020-07-30,Windham,371
2020-07-31,Fairfield,5461
2020-07-31,Hartford,6152
2020-07-31,Litchfield,891
2020-07-31,Middlesex,1309
2020-07-31,New Haven,3985
2020-07-31,New London,998
2020-07-31,Tolland,54
2020-07-31,Windham,375
2020-08-01,Fairfield,5477
2020-08-01,Hartford,6185
2020-08-01,Litchfield,894
2020-08-01,Middlesex,1311
2020-08-01,New Haven,4008
2020-08-01,New London,1001
2020-08-01,Tolland,54
2020-08-01,Windham,377
2020-08-02,Fairfield,5491
2020-08-02,Hartford,6213
2020-08-02,Litchfield,900
2020-08-02,Middlesex,1321
2020-08-02,New Haven,4032
2020-08-02,New London,1006
2020-08-02,Tolland,54
2020-08-02,Windham,377
2020-08-03,Fairfield,5509
2020-08-03,Hartford,6249
2020-08-03,Litchfield,901
2020-08-03,Middlesex,1328
2020-08-03,New Haven,4053
2020-08-03,New London,1008
2020-08-03,Tolland,54
2020-08-03,Windham,378
2020-08-04,Fairfield,5545
2020-08-04,Hartford,6287
2020-08-04,Litchfield,906
2020-08-04,Middlesex,1337
2020-08-04,New Haven,4073
2020-08-04,New London,1015
2020-08-04,Tolland,54
2020-08-04,Windham,379
2020-08-05,Fairfield,5573
2020-08-05,Hartford,6321
2020-08-05,Litchfield,908
2020-08-05,Middlesex,1343
2020-08-05,New Haven,4103
2020-08-05,New London,1020
2020-08-05,Tolland,54
2020-08-05,Windham,379
2020-08-06,Fairfield,5617
2020-08-06,Hartford,6349
2020-08-06,Litchfield,912
2020-08-06,Middlesex,1351
2020-08-06,New Haven,4140
2020-08-06,New London,1023
2020-08-06,Tolland,54
2020-08-06,Windham,381
2020-08-07,Fairfield,5641
2020-08-07,Hartford,6383
2020-08-07,Litchfield,917
2020-08-07,Middlesex,1361
2020-08-07,New Haven,4164
2020-08-07,New London,1030
2020-08-07,Tolland,54
2020-08-07,Windham,383
2020-08-08,Fairfield,5664
2020-08-08,Hartford,6408
2020-08-08,Litchfield,919
2020-08-08,Middlesex,1371
2020-08-08,New Haven,4184
2020-08-08,New London,1037
2020-08-08,Tolland,54
2020-08-08,Windham,384
2020-08-09,Fairfield,5683
2020-08-09,Hartford,6431
2020-08-09,Litchfield,924
2020-08-09,Middlesex,1379
2020-08-09,New Haven,4199
2020-08-09,New London,1042
2020-08-09,Tolland,54
2020-08-09,Windham,386
2020-08-10,Fairfield,5705
2020-08-10,Hartford,6462
2020-08-10,Litchfield,926
2020-08-10,Middlesex,1386
2020-08-10,New Haven,4211
2020-08-10,New London,1045
2020-08-10,Tolland,54
2020-08-10,Windham,387
2020-08-11,Fairfield,5739
2020-08-11,Hartford,6485
2020-08-11,Litchfield,930
2020-08-11,Middlesex,1393
2020-08-11,New Haven,4223
2020-08-11,New London,1057
2020-08-11,Tolland,54
2020-08-11,Windham,388
2020-08-12,Fairfield,5758
2020-08-12,Hartford,6515
2020-08-12,Litchfield,933
2020-08-12,Middlesex,1401
2020-08-12,New Haven,4240
2020-08-12,New London,1062
2020-08-12,Tolland,54
2020-08-12,Windham,388
2020-08-13,Fairfield,5790
2020-08-13,Hartford,6535
2020-08-13,Litchfield,935
2020-08-13,Middlesex,1414
2020-08-13,New Haven,4249
2020-08-13,New London,1075
2020-08-13,Tolland,54
2020-08-13,Windham,390
2020-08-14,Fairfield,5811
2020-08-14,Hartford,6564
2020-08-14,Litchfield,939
2020-08-14,Middlesex,1423
2020-08-14,New Haven,4262
2020-08-14,New London,1080
2020-08-14,Tolland,54
2020-08-14,Windham,391
2020-08-15,Fairfield,5847
2020-08-15,Hartford,6611
2020-08-15,Litchfield,940
2020-08-15,Middlesex,1426
2020-08-15,New Haven,4284
2020-08-15,New London,1091
2020-08-15,Tolland,54
2020-08-15,Windham,394
2020-08-16,Fairfield,5863
2020-08-16,Hartford,6647
2020-08-16,Litchfield,942
2020-08-16,Middlesex,1429
2020-08-16,New Haven,4295
2020-08-16,New London,1092
2020-08-16,Tolland,54
2020-08-16,Windham,397
2020-08-17,Fairfield,5883
2020-08-17,Hartford,6675
2020-08-17,Litchfield,943
2020-08-17,Middlesex,1433
2020-08-17,New Haven,4305
2020-08-17,New London,1097
2020-08-17,Tolland,54
2020-08-17,Windham,399
2020-08-18,Fairfield,5915
2020-08-18,Hartford,6697
2020-08-18,Litchfield,945
2020-08-18,Middlesex,1441
2020-08-18,New Haven,4314
2020-08-18,New London,1105
2020-08-18,Tolland,59
2020-08-18,Windham,401
2020-08-19,Fairfield,5947
2020-08-19,Hartford,6736
2020-08-19,Litchfield,951
2020-08-19,Middlesex,1449
2020-08-19,New Haven,4326
2020-08-19,New London,1111
2020-08-19,Tolland,59
2020-08-19,Windham,403
2020-08-20,Fairfield,5987
2020-08-20,Hartford,6783
2020-08-20,Litchfield,953
2020-08-20,Middlesex,1460
2020-08-20,New Haven,4337
2020-08-20,New London,1114
2020-08-20,Tolland,60
2020-08-20,Windham,403
2020-08-21,Fairfield,6004
2020-08-21,Hartford,6822
2020-08-21,Litchfield,955
2020-08-21,Middlesex,1473
2020-08-21,New Haven,4350
2020-08-21,New London,1115
2020-08-21,Tolland,61
2020-08-21,Windham,404
2020-08-22,Fairfield,6012
2020-08-22,Hartford,6879
2020-08-22,Litchfield,959
2020-08-22,Middlesex,1482
2020-08-22,New Haven,4372
2020-08-22,New London,1117
2020-08-22,Tolland,61
2020-08-22,Windham,407
2020-08-23,Fairfield,6017
2020-08-23,Hartford,6924
2020-08-23,Litchfield,960
2020-08-23,Middlesex,1490
2020-08-23,New Haven,4388
2020-08-23,New London,1121
2020-08-23,Tolland,61
2020-08-23,Windham,409
2020-08-24,Fairfield,6026
2020-08-24,Hartford,6959
2020-08-24,Litchfield,966
2020-08-24,Middlesex,1500
2020-08-24,New Haven,4394
2020-08-24,New London,1126
2020-08-24,Tolland,61
2020-08-24,Windham,410
2020-08-25,Fairfield,6036
2020-08-25,Hartford,7003
2020-08-25,Litchfield,969
2020-08-25,Middlesex,1507
2020-08-25,New Haven,4415
2020-08-25,New London,1132
2020-08-25,Tolland,61
2020-08-25,Windham,411
2020-08-26,Fairfield,6043
2020-08-26,Hartford,7048
2020-08-26,Litchfield,974
2020-08-26,Middlesex,1516
2020-08-26,New Haven,4427
2020-08-26,New London,1137
2020-08-26,Tolland,61
2020-08-26,Windham,413
2020-08-27,Fairfield,6051
2020-08-27,Hartford,7075
2020-08-27,Litchfield,976
2020-08-27,Middlesex,1527
2020-08-27,New Haven,4450
2020-08-27,New London,1141
2020-08-27,Tolland,61
2020-08-27,Windham,415
2020-08-28,Fairfield,6066
2020-08-28,Hartford,7096
2020-08-28,Litchfield,982
2020-08-28,Middlesex,1534
2020-08-28,New Haven,4458
2020-08-28,New London,1146
2020-08-28,Tolland,61
2020-08-28,Windham,417
2020-08-29,Fairfield,6074
2020-08-29,Hartford,7141
2020-08-29,Litchfield,985
2020-08-29,Middlesex,1536
2020-08-29,New Haven,4471
2020-08-29,New London,1150
2020-08-29,Tolland,61
2020-08-29,Windham,421
2020-08-30,Fairfield,6087
2020-08-30,Hartford,7172
2020-08-30,Litchfield,987
2020-08-30,Middlesex,1545
2020-08-30,New Haven,4486
2020-08-30,New London,1158
2020-08-30,Tolland,61
2020-08-30,Windham,422
2020-08-31,Fairfield,6094
2020-08-31,Hartford,7193
2020-08-31,Litchfield,991
2020-08-31,Middlesex,1552
2020-08-31,New Haven,4496
2020-08-31,New London,1167
2020-08-31,Tolland,61
2020-08-31,Windham,423
2020-09-01,Fairfield,6111
2020-09-01,Hartford,7234
2020-09-01,Litchfield,993
2020-09-01,Middlesex,1558
2020-09-01,New Haven,4507
2020-09-01,New London,1169
2020-09-01,Tolland,61
2020-09-01,Windham,423
2020-09-02,Fairfield,6121
2020-09-02,Hartford,7268
2020-09-02,Litchfield,993
2020-09-02,Middlesex,1563
2020-09-02,New Haven,4518
2020-09-02,New London,1174
2020-09-02,Tolland,61
2020-09-02,Windham,424
2020-09-03,Fairfield,6132
2020-09-03,Hartford,7296
2020-09-03,Litchfield,997
2020-09-03,Middlesex,1574
2020-09-03,New Haven,4528
2020-09-03,New London,1175
2020-09-03,Tolland,64
2020-09-03,Windham,425
2020-09-04,Fairfield,6140
2020-09-04,Hartford,7332
2020-09-04,Litchfield,1007
2020-09-04,Middlesex,1578
2020-09-04,New Haven,4541
2020-09-04,New London,1180
2020-09-04,Tolland,64
2020-09-04,Windham,427
2020-09-05,Fairfield,6152
2020-09-05,Hartford,7367
2020-09-05,Litchfield,1011
2020-09-05,Middlesex,1586
2020-09-05,New Haven,4555
2020-09-05,New London,1187
2020-09-05,Tolland,64
2020-09-05,Windham,429
2020-09-06,Fairfield,6163
2020-09-06,Hartford,7388
2020-09-06,Litchfield,1012
2020-09-06,Middlesex,1591
2020-09-06,New Haven,4564
2020-09-06,New London,1193
2020-09-06,Tolland,64
2020-09-06,Windham,432
2020-09-07,Fairfield,6174
2020-09-07,Hartford,7416
2020-09-07,Litchfield,1015
2020-09-07,Middlesex,1597
2020-09-07,New Haven,4574
2020-09-07,New London,1195
2020-09-07,Tolland,64
2020-09-07,Windham,433
2020-09-08,Fairfield,6184
2020-09-08,Hartford,7441
2020-09-08,Litchfield,1019
2020-09-08,Middlesex,1606
2020-09-08,New Haven,4584
2020-09-08,New London,1198
2020-09-08,Tolland,64
2020-09-08,Windham,433
2020-09-09,Fairfield,6195
2020-09-09,Hartford,7475
2020-09-09,Litchfield,1021
2020-09-09,Middlesex,1614
2020-09-09,New Haven,4600
2020-09-09,New London,1208
2020-09-09,Tolland,73
2020-09-09,Windham,436
2020-09-10,Fairfield,6202
2020-09-10,Hartford,7497
2020-09-10,Litchfield,1021
2020-09-10,Middlesex,1624
2020-09-10,New Haven,4614
2020-09-10,New London,1211
2020-09-10,Tolland,73
2020-09-10,Windham,441
2020-09-11,Fairfield,6211
2020-09-11,Hartford,7537
2020-09-11,Litchfield,1022
2020-09-11,Middlesex,1630
2020-09-11,New Haven,4617
2020-09-11,New London,1212
2020-09-11,Tolland,73
2020-09-11,Windham,442
2020-09-12,Fairfield,6218
2020-09-12,Hartford,7570
2020-09-12,Litchfield,1026
2020-09-12,Middlesex,1640
2020-09-12,New Haven,4625
2020-09-12,New London,1214
2020-09-12,Tolland,75
2020-09-12,Windham,445
2020-09-13,Fairfield,6221
2020-09-13,Hartford,7599
2020-09-13,Litchfield,1028
2020-09-13,Middlesex,1646
2020-09-13,New Haven,4632
2020-09-13,New London,1216
2020-09-13,Tolland,75
2020-09-13,Windham,447
2020-09-14,Fairfield,6227
2020-09-14,Hartford,7626
2020-09-14,Litchfield,1028
2020-09-14,Middlesex,1650
2020-09-14,New Haven,4642
2020-09-14,New London,1220
2020-09-14,Tolland,75
2020-09-14,Windham,450
2020-09-15,Fairfield,6235
2020-09-15,Hartford,7666
2020-09-15,Litchfield,1031
2020-09-15,Middlesex,1662
2020-09-15,New Haven,4648
2020-09-15,New London,1221
2020-09-15,Tolland,75
2020-09-15,Windham,450
2020-09-16,Fairfield,6246
2020-09-16,Hartford,7702
2020-09-16,Litchfield,1033
2020-09-16,Middlesex,1671
2020-09-16,New Haven,4651
2020-09-16,New London,1222
2020-09-16,Tolland,75
2020-09-16,Windham,457
2020-09-17,Fairfield,6260
2020-09-17,Hartford,7736
2020-09-17,Litchfield,1034
2020-09-17,Middlesex,1687
2020-09-17,New Haven,4682
2020-09-17,New London,1227
2020-09-17,Tolland,75
2020-09-17,Windham,458
2020-09-18,Fairfield,6273
2020-09-18,Hartford,7767
2020-09-18,Litchfield,1034
2020-09-18,Middlesex,1697
2020-09-18,New Haven,4701
2020-09-18,New London,1233
2020-09-18,Tolland,75
2020-09-18,Windham,460
2020-09-19,Fairfield,6287
2020-09-19,Hartford,7793
2020-09-19,Litchfield,1038
2020-09-19,Middlesex,1704
2020-09-19,New Haven,4716
2020-09-19,New London,1240
2020-09-19,Tolland,75
2020-09-19,Windham,461
2020-09-20,Fairfield,6296
2020-09-20,Hartford,7820
2020-09-20,Litchfield,1040
2020-09-20,Middlesex,1710
2020-09-20,New Haven,4723
2020-09-20,New London,1246
2020-09-20,Tolland,75
2020-09-20,Windham,465
2020-09-21,Fairfield,6300
2020-09-21,Hartford,7845
2020-09-21,Litchfield,1044
2020-09-21,Middlesex,1716
2020-09-21,New Haven,4729
2020-09-21,New London,1252
2020-09-21,Tolland,79
2020-09-21,Windham,465
2020-09-22,Fairfield,6309
2020-09-22,Hartford,7887
2020-09-22,Litchfield,1044
2020-09-22,Middlesex,1721
2020-09-22,New Haven,4742
2020-09-22,New London,1258
2020-09-22,Tolland,83
2020-09-22,Windham,469
2020-09-23,Fairfield,6325
2020-09-23,Hartford,7927
2020-09-23,Litchfield,1049
2020-09-23,Middlesex,1735
2020-09-23,New Haven,4756
2020-09-23,New London,1261
2020-09-23,Tolland,83
2020-09-23,Windham,473
2020-09-24,Fairfield,6343
2020-09-24,Hartford,7971
2020-09-24,Litchfield,1057
2020-09-24,Middlesex,1749
2020-09-24,New Haven,4772
2020-09-24,New London,1266
2020-09-24,Tolland,83
2020-09-24,Windham,477
2020-09-25,Fairfield,6351
2020-09-25,Hartford,8008
2020-09-25,Litchfield,1062
2020-09-25,Middlesex,1755
2020-09-25,New Haven,4781
2020-09-25,New London,1271
2020-09-25,Tolland,83
2020-09-25,Windham,480
2020-09-26,Fairfield,6361
2020-09-26,Hartford,8050
2020-09-26,Litchfield,1065
2020-09-26,Middlesex,1766
2020-09-26,New Haven,4806
2020-09-26,New London,1279
2020-09-26,Tolland,85
2020-09-26,Windham,483
2020-09-27,Fairfield,6370
2020-09-27,Hartford,8086
2020-09-27,Litchfield,1070
2020-09-27,Middlesex,1771
2020-09-27,New Haven,4817
2020-09-27,New London,1282
2020-09-27,Tolland,87
2020-09-27,Windham,488
2020-09-28,Fairfield,6389
2020-09-28,Hartford,8130
2020-09-28,Litchfield,1074
2020-09-28,Middlesex,1781
2020-09-28,New Haven,4831
2020-09-28,New London,1290
2020-09-28,Tolland,89
2020-09-28,Windham,489
2020-09-29,Fairfield,6405
2020-09-29,Hartford,8169
2020-09-29,Litchfield,1078
2020-09-29,Middlesex,1792
2020-09-29,New Haven,4858
2020-09-29,New London,1296
2020-09-29,Tolland,90
2020-09-29,Windham,493
2020-09-30,Fairfield,6417
2020-09-30,Hartford,8200
2020-09-30,Litchfield,1080
2020-09-30,Middlesex,1797
2020-09-30,New Haven,4885
2020-09-30,New London,1301
2020-09-30,Tolland,91
2020-09-30,Windham,495
2020-10-01,Fairfield,6436
2020-10-01,Hartford,8231
2020-10-01,Litchfield,1081
2020-10-01,Middlesex,1807
2020-10-01,New Haven,4905
2020-10-01,New London,1304
2020-10-01,Tolland,92
2020-10-01,Windham,496
2020-10-02,Fairfield,6450
2020-10-02,Hartford,8261
2020-10-02,Litchfield,1082
2020-10-02,Middlesex,1814
2020-10-02,New Haven,4930
2020-10-02,New London,1311
2020-10-02,Tolland,92
2020-10-02,Windham,497
2020-10-03,Fairfield,6468
2020-10-03,Hartford,8297
2020-10-03,Litchfield,1083
2020-10-03,Middlesex,1821
2020-10-03,New Haven,4937
2020-10-03,New London,1314
2020-10-03,Tolland,92
2020-10-03,Windham,499
2020-10-04,Fairfield,6481
2020-10-04,Hartford,8329
2020-10-04,Litchfield,1084
2020-10-04,Middlesex,1833
2020-10-04,New Haven,4951
2020-10-04,New London,1318
2020-10-04,Tolland,93
2020-10-04,Windham,501
2020-10-05,Fairfield,6494
2020-10-05,Hartford,8362
2020-10-05,Litchfield,1091
2020-10-05,Middlesex,1844
2020-10-05,New Haven,4964
2020-10-05,New London,1322
2020-10-05,Tolland,94
2020-10-05,Windham,502
2020-10-06,Fairfield,6516
2020-10-06,Hartford,8403
2020-10-06,Litchfield,1099
2020-10-06,Middlesex,1851
2020-10-06,New Haven,4978
2020-10-06,New London,1331
2020-10-06,Tolland,95
2020-10-06,Windham,507
2020-10-07,Fairfield,6530
2020-10-07,Hartford,8446
2020-10-07,Litchfield,1104
2020-10-07,Middlesex,1858
2020-10-07,New Haven,4998
2020-10-07,New London,1338
2020-10-07,Tolland,95
2020-10-07,Windham,512
2020-10-08,Fairfield,6552
2020-10-08,Hartford,8483
2020-10-08,Litchfield,1116
2020-10-08,Middlesex,1865
2020-10-08,New Haven,5027
2020-10-08,New London,1349
2020-10-08,Tolland,95
2020-10-08,Windham,517
2020-10-09,Fairfield,6566
2020-10-09,Hartford,8520
2020-10-09,Litchfield,1122
2020-10-09,Middlesex,1874
2020-10-09,New Haven,5045
2020-10-09,New London,1355
2020-10-09,Tolland,95
2020-10-09,Windham,521
2020-10-10,Fairfield,6578
2020-10-10,Hartford,8554
2020-10-10,Litchfield,1123
2020-10-10,Middlesex,1882
2020-10-10,New Haven,5069
2020-10-10,New London,1367
2020-10-10,Tolland,95
2020-10-10,Windham,530
2020-10-11,Fairfield,6592
2020-10-11,Hartford,8583
2020-10-11,Litchfield,1128
2020-10-11,Middlesex,1889
2020-10-11,New Haven,5092
2020-10-11,New London,1372
2020-10-11,Tolland,95
2020-10-11,Windham,536
2020-10-12,Fairfield,6608
2020-10-12,Hartford,8614
2020-10-12,Litchfield,1132
2020-10-12,Middlesex,1895
2020-10-12,New Haven,5121
2020-10-12,New London,1375
2020-10-12,Tolland,95
2020-10-12,Windham,538
2020-10-13,Fairfield,6624
2020-10-13,Hartford,8655
2020-10-13,Litchfield,1136
2020-10-13,Middlesex,1898
2020-10-13,New Haven,5155
2020-10-13,New London,1378
2020-10-13,Tolland,95
2020-10-13,Windham,543
2020-10-14,Fairfield,6643
2020-10-14,Hartford,8698
2020-10-14,Litchfield,1143
2020-10-14,Middlesex,1907
2020-10-14,New Haven,5186
2020-10-14,New London,1384
2020-10-14,Tolland,95
2020-10-14,Windham,549
2020-10-15,Fairfield,6656
2020-10-15,Hartford,8740
2020-10-15,Litchfield,1148
2020-10-15,Middlesex,1920
2020-10-15,New Haven,5215
2020-10-15,New London,1395
2020-10-15,Tolland,95
2020-10-15,Windham,554
2020-10-16,Fairfield,6674
2020-10-16,Hartford,8783
2020-10-16,Litchfield,1156
2020-10-16,Middlesex,1933
2020-10-16,New Haven,5250
2020-10-16,New London,1402
2020-10-16,Tolland,95
2020-10-16,Windham,558
2020-10-17,Fairfield,6693
2020-10-17,Hartford,8831
2020-10-17,Litchfield,1166
2020-10-17,Middlesex,1938
2020-10-17,New Haven,5281
2020-10-17,New London,1413
2020-10-17,Tolland,95
2020-10-17,Windham,564
2020-10-18,Fairfield,6706
2020-10-18,Hartford,8871
2020-10-18,Litchfield,1172
2020-10-18,Middlesex,1941
2020-10-18,New Haven,5302
2020-10-18,New London,1420
2020-10-18,Tolland,95
2020-10-18,Windham,568
2020-10-19,Fairfield,6715
2020-10-19,Hartford,8908
2020-10-19,Litchfield,1179
2020-10-19,Middlesex,1955
2020-10-19,New Haven,5327
2020-10-19,New London,1431
2020-10-19,Tolland,95
2020-10-19,Windham,571
2020-10-20,Fairfield,6725
2020-10-20,Hartford,8952
2020-10-20,Litchfield,1191
2020-10-20,Middlesex,1964
2020-10-20,New Haven,5351
2020-10-20,New London,1435
2020-10-20,Tolland,95
2020-10-20,Windham,576
2020-10-21,Fairfield,6736
2020-10-21,Hartford,8998
2020-10-21,Litchfield,1198
2020-10-21,Middlesex,1974
2020-10-21,New Haven,5380
2020-10-21,New London,1439
2020-10-21,Tolland,95
2020-10-21,Windham,578
2020-10-22,Fairfield,6755
2020-10-22,Hartford,9048
2020-10-22,Litchfield,1201
2020-10-22,Middlesex,1987
2020-10-22,New Haven,5406
2020-10-22,New London,1448
2020-10-22,Tolland,95
2020-10-22,Windham,582
2020-10-23,Fairfield,6777
2020-10-23,Hartford,9098
2020-10-23,Litchfield,1209
2020-10-23,Middlesex,1995
2020-10-23,New Haven,5430
2020-10-23,New London,1455
2020-10-23,Tolland,95
2020-10-23,Windham,587
2020-10-24,Fairfield,6796
2020-10-24,Hartford,9157
2020-10-24,Litchfield,1216
2020-10-24,Middlesex,2008
2020-10-24,New Haven,5452
2020-10-24,New London,1463
2020-10-24,Tolland,95
2020-10-24,Windham,589
2020-10-25,Fairfield,6807
2020-10-25,Hartford,9190
2020-10-25,Litchfield,1219
2020-10-25,Middlesex,2023
2020-10-25,New Haven,5475
2020-10-25,New London,1475
2020-10-25,Tolland,95
2020-10-25,Windham,591
2020-10-26,Fairfield,6818
2020-10-26,Hartford,9228
2020-10-26,Litchfield,1226
2020-10-26,Middlesex,2028
2020-10-26,New Haven,5492
2020-10-26,New London,1482
2020-10-26,Tolland,95
2020-10-26,Windham,597
2020-10-27,Fairfield,6859
2020-10-27,Hartford,9273
2020-10-27,Litchfield,1228
2020-10-27,Middlesex,2037
2020-10-27,New Haven,5522
2020-10-27,New London,1492
2020-10-27,Tolland,95
2020-10-27,Windham,602
2020-10-28,Fairfield,6885
2020-10-28,Hartford,9324
2020-10-28,Litchfield,1233
2020-10-28,Middlesex,2047
2020-10-28,New Haven,5553
2020-10-28,New London,1500
2020-10-28,Tolland,95
2020-10-28,Windham,606
2020-10-29,Fairfield,6910
2020-10-29,Hartford,9356
2020-10-29,Litchfield,1250
2020-10-29,Middlesex,2057
2020-10-29,New Haven,5587
2020-10-29,New London,1506
2020-10-29,Tolland,95
2020-10-29,Windham,608
2020-10-30,Fairfield,6942
2020-10-30,Hartford,9420
2020-10-30,Litchfield,1261
2020-10-30,Middlesex,2065
2020-10-30,New Haven,5623
2020-10-30,New London,1521
2020-10-30,Tolland,95
2020-10-30,Windham,612
2020-10-31,Fairfield,6970
2020-10-31,Hartford,9480
2020-10-31,Litchfield,1268
2020-10-31,Middlesex,2074
2020-10-31,New Haven,5658
2020-10-31,New London,1529
2020-10-31,Tolland,95
2020-10-31,Windham,620
2020-11-01,Fairfield,6986
2020-11-01,Hartford,9527
2020-11-01,Litchfield,1276
2020-11-01,Middlesex,2080
2020-11-01,New Haven,5683
2020-11-01,New London,1532
2020-11-01,Tolland,95
2020-11-01,Windham,623
2020-11-02,Fairfield,7014
2020-11-02,Hartford,9565
2020-11-02,Litchfield,1284
2020-11-02,Middlesex,2096
2020-11-02,New Haven,5727
2020-11-02,New London,1543
2020-11-02,Tolland,95
2020-11-02,Windham,627
2020-11-03,Fairfield,7046
2020-11-03,Hartford,9640
2020-11-03,Litchfield,1288
2020-11-03,Middlesex,2107
2020-11-03,New Haven,5754
2020-11-03,New London,1551
2020-11-03,Tolland,95
2020-11-03,Windham,632
2020-11-04,Fairfield,7074
2020-11-04,Hartford,9700
2020-11-04,Litchfield,1293
2020-11-04,Middlesex,2115
2020-11-04,New Haven,5787
2020-11-04,New London,1563
2020-11-04,Tolland,95
2020-11-04,Windham,634
2020-11-05,Fairfield,7110
2020-11-05,Hartford,9742
2020-11-05,Litchfield,1301
2020-11-05,Middlesex,2124
2020-11-05,New Haven,5819
2020-11-05,New London,1573
2020-11-05,Tolland,95
2020-11-05,Windham,636
2020-11-06,Fairfield,7142
2020-11-06,Hartford,9793
2020-11-06,Litchfield,1307
2020-11-06,Middlesex,2134
2020-11-06,New Haven,5859
2020-11-06,New London,1581
2020-11-06,Tolland,95
2020-11-06,Windham,637
2020-11-07,Fairfield,7189
2020-11-07,Hartford,9866
2020-11-07,Litchfield,1320
2020-11-07,Middlesex,2150
2020-11-07,New Haven,5916
2020-11-07,New London,1594
2020-11-07,Tolland,95
2020-11-07,Windham,642
2020-11-08,Fairfield,7221
2020-11-08,Hartford,9911
2020-11-08,Litchfield,1329
2020-11-08,Middlesex,2163
2020-11-08,New Haven,5951
2020-11-08,New London,1606
2020-11-08,Tolland,95
2020-11-08,Windham,643
2020-11-09,Fairfield,7254
2020-11-09,Hartford,9956
2020-11-09,Litchfield,1333
2020-11-09,Middlesex,2179
2020-11-09,New Haven,5996
2020-11-09,New London,1615
2020-11-09,Tolland,95
2020-11-09,Windham,648
2020-11-10,Fairfield,7288
2020-11-10,Hartford,10013
2020-11-10,Litchfield,1336
2020-11-10,Middlesex,2198
2020-11-10,New Haven,6054
2020-11-10,New London,1627
2020-11-10,Tolland,95
2020-11-10,Windham,652
2020-11-11,Fairfield,7327
2020-11-11,Hartford,10084
2020-11-11,Litchfield,1342
2020-11-11,Middlesex,2226
2020-11-11,New Haven,6115
2020-11-11,New London,1637
2020-11-11,Tolland,96
2020-11-11,Windham,655
2020-11-12,Fairfield,7372
2020-11-12,Hartford,10140
2020-11-12,Litchfield,1353
2020-11-12,Middlesex,2240
2020-11-12,New Haven,6174
2020-11-12,New London,1647
2020-11-12,Tolland,97
2020-11-12,Windham,661
2020-11-13,Fairfield,7414
2020-11-13,Hartford,10199
2020-11-13,Litchfield,1364
2020-11-13,Middlesex,2257
2020-11-13,New Haven,6235
2020-11-13,New London,1659
2020-11-13,Tolland,98
2020-11-13,Windham,663
2020-11-14,Fairfield,7470
2020-11-14,Hartford,10240
2020-11-14,Litchfield,1365
2020-11-14,Middlesex,2271
2020-11-14,New Haven,6283
2020-11-14,New London,1662
2020-11-14,Tolland,99
2020-11-14,Windham,666
2020-11-15,Fairfield,7501
2020-11-15,Hartford,10292
2020-11-15,Litchfield,1375
2020-11-15,Middlesex,2278
2020-11-15,New Haven,6316
2020-11-15,New London,1670
2020-11-15,Tolland,100
2020-11-15,Windham,670
2020-11-16,Fairfield,7535
2020-11-16,Hartford,10340
2020-11-16,Litchfield,1382
2020-11-16,Middlesex,2286
2020-11-16,New Haven,6359
2020-11-16,New London,1681
2020-11-16,Tolland,100
2020-11-16,Windham,672
2020-11-17,Fairfield,7583
2020-11-17,Hartford,10403
2020-11-17,Litchfield,1392
2020-11-17,Middlesex,2296
2020-11-17,New Haven,6414
2020-11-17,New London,1698
2020-11-17,Tolland,101
2020-11-17,Windham,676
2020-11-18,Fairfield,7631
2020-11-18,Hartford,10465
2020-11-18,Litchfield,1397
2020-11-18,Middlesex,2313
2020-11-18,New Haven,6468
2020-11-18,New London,1709
2020-11-18,Tolland,102
2020-11-18,Windham,679
2020-11-19,Fairfield,7662
2020-11-19,Hartford,10542
2020-11-19,Litchfield,1406
2020-11-19,Middlesex,2322
2020-11-19,New Haven,6519
2020-11-19,New London,1722
2020-11-19,Tolland,103
2020-11-19,Windham,683
2020-11-20,Fairfield,7699
2020-11-20,Hartford,10597
2020-11-20,Litchfield,1414
2020-11-20,Middlesex,2342
2020-11-20,New Haven,6566
2020-11-20,New London,1730
2020-11-20,Tolland,105
2020-11-20,Windham,685
2020-11-21,Fairfield,7734
2020-11-21,Hartford,10668
2020-11-21,Litchfield,1420
2020-11-21,Middlesex,2358
2020-11-21,New Haven,6591
2020-11-21,New London,1738
2020-11-21,Tolland,109
2020-11-21,Windham,689
2020-11-22,Fairfield,7771
2020-11-22,Hartford,10730
2020-11-22,Litchfield,1430
2020-11-22,Middlesex,2370
2020-11-22,New Haven,6630
2020-11-22,New London,1753
2020-11-22,Tolland,111
2020-11-22,Windham,692
2020-11-23,Fairfield,7824
2020-11-23,Hartford,10779
2020-11-23,Litchfield,1437
2020-11-23,Middlesex,2385
2020-11-23,New Haven,6683
2020-11-23,New London,1763
2020-11-23,Tolland,115
2020-11-23,Windham,698
2020-11-24,Fairfield,7886
2020-11-24,Hartford,10849
2020-11-24,Litchfield,1447
2020-11-24,Middlesex,2408
2020-11-24,New Haven,6743
2020-11-24,New London,1778
2020-11-24,Tolland,120
2020-11-24,Windham,699
2020-11-25,Fairfield,7925
2020-11-25,Hartford,10911
2020-11-25,Litchfield,1454
2020-11-25,Middlesex,2425
2020-11-25,New Haven,6804
2020-11-25,New London,1794
2020-11-25,Tolland,120
2020-11-25,Windham,701
2020-11-26,Fairfield,7977
2020-11-26,Hartford,10966
2020-11-26,Litchfield,1463
2020-11-26,Middlesex,2440
2020-11-26,New Haven,6858
2020-11-26,New London,1812
2020-11-26,Tolland,122
2020-11-26,Windham,709
2020-11-27,Fairfield,8023
2020-11-27,Hartford,11019
2020-11-27,Litchfield,1469
2020-11-27,Middlesex,2455
2020-11-27,New Haven,6910
2020-11-27,New London,1820
2020-11-27,Tolland,123
2020-11-27,Windham,710
2020-11-28,Fairfield,8079
2020-11-28,Hartford,11095
2020-11-28,Litchfield,1479
2020-11-28,Middlesex,2470
2020-11-28,New Haven,6967
2020-11-28,New London,1828
2020-11-28,Tolland,124
2020-11-28,Windham,717
2020-11-29,Fairfield,8117
2020-11-29,Hartford,11155
2020-11-29,Litchfield,1485
2020-11-29,Middlesex,2491
2020-11-29,New Haven,7020
2020-11-29,New London,1843
2020-11-29,Tolland,124
2020-11-29,Windham,721
2020-11-30,Fairfield,8155
2020-11-30,Hartford,11217
2020-11-30,Litchfield,1502
2020-11-30,Middlesex,2507
2020-11-30,New Haven,7074
2020-11-30,New London,1852
2020-11-30,Tolland,124
2020-11-30,Windham,729
2020-12-01,Fairfield,8223
2020-12-01,Hartford,11299
2020-12-01,Litchfield,1510
2020-12-01,Middlesex,2526
2020-12-01,New Haven,7149
2020-12-01,New London,1873
2020-12-01,Tolland,129
2020-12-01,Windham,732
2020-12-02,Fairfield,8294
2020-12-02,Hartford,11381
2020-12-02,Litchfield,1522
2020-12-02,Middlesex,2546
2020-12-02,New Haven,7205
2020-12-02,New London,1887
2020-12-02,Tolland,131
2020-12-02,Windham,739
2020-12-03,Fairfield,8342
2020-12-03,Hartford,11441
2020-12-03,Litchfield,1540
2020-12-03,Middlesex,2567
2020-12-03,New Haven,7259
2020-12-03,New London,1905
2020-12-03,Tolland,131
2020-12-03,Windham,742
2020-12-04,Fairfield,8411
2020-12-04,Hartford,11504
2020-12-04,Litchfield,1550
2020-12-04,Middlesex,2584
2020-12-04,New Haven,7315
2020-12-04,New London,1917
2020-12-04,Tolland,131
2020-12-04,Windham,747
2020-12-05,Fairfield,8456
2020-12-05,Hartford,11566
2020-12-05,Litchfield,1554
2020-12-05,Middlesex,2584
2020-12-05,New Haven,7373
2020-12-05,New London,1935
2020-12-05,Tolland,133
2020-12-05,Windham,752
2020-12-06,Fairfield,8503
2020-12-06,Hartford,11632
2020-12-06,Litchfield,1559
2020-12-06,Middlesex,2584
2020-12-06,New Haven,7425
2020-12-06,New London,1952
2020-12-06,Tolland,134
2020-12-06,Windham,754
2020-12-07,Fairfield,8557
2020-12-07,Hartford,11697
2020-12-07,Litchfield,1569
2020-12-07,Middlesex,2595
2020-12-07,New Haven,7474
2020-12-07,New London,1972
2020-12-07,Tolland,134
2020-12-07,Windham,756
2020-12-08,Fairfield,8620
2020-12-08,Hartford,11781
2020-12-08,Litchfield,1578
2020-12-08,Middlesex,2614
2020-12-08,New Haven,7535
2020-12-08,New London,1987
2020-12-08,Tolland,137
2020-12-08,Windham,762
2020-12-09,Fairfield,8672
2020-12-09,Hartford,11858
2020-12-09,Litchfield,1584
2020-12-09,Middlesex,2631
2020-12-09,New Haven,7598
2020-12-09,New London,1996
2020-12-09,Tolland,137
2020-12-09,Windham,768
2020-12-10,Fairfield,8731
2020-12-10,Hartford,11923
2020-12-10,Litchfield,1602
2020-12-10,Middlesex,2651
2020-12-10,New Haven,7653
2020-12-10,New London,2012
2020-12-10,Tolland,137
2020-12-10,Windham,771
2020-12-11,Fairfield,8794
2020-12-11,Hartford,11997
2020-12-11,Litchfield,1609
2020-12-11,Middlesex,2671
2020-12-11,New Haven,7716
2020-12-11,New London,2026
2020-12-11,Tolland,137
2020-12-11,Windham,775
2020-12-12,Fairfield,8845
2020-12-12,Hartford,12082
2020-12-12,Litchfield,1620
2020-12-12,Middlesex,2691
2020-12-12,New Haven,7773
2020-12-12,New London,2043
2020-12-12,Tolland,137
2020-12-12,Windham,778
2020-12-13,Fairfield,8879
2020-12-13,Hartford,12144
2020-12-13,Litchfield,1625
2020-12-13,Middlesex,2707
2020-12-13,New Haven,7805
2020-12-13,New London,2055
2020-12-13,Tolland,137
2020-12-13,Windham,780
2020-12-14,Fairfield,8921
2020-12-14,Hartford,12204
2020-12-14,Litchfield,1634
2020-12-14,Middlesex,2727
2020-12-14,New Haven,7853
2020-12-14,New London,2069
2020-12-14,Tolland,137
2020-12-14,Windham,784
2020-12-15,Fairfield,8973
2020-12-15,Hartford,12289
2020-12-15,Litchfield,1644
2020-12-15,Middlesex,2740
2020-12-15,New Haven,7897
2020-12-15,New London,2086
2020-12-15,Tolland,137
2020-12-15,Windham,789
2020-12-16,Fairfield,9025
2020-12-16,Hartford,12374
2020-12-16,Litchfield,1653
2020-12-16,Middlesex,2766
2020-12-16,New Haven,7936
2020-12-16,New London,2100
2020-12-16,Tolland,137
2020-12-16,Windham,795
2020-12-17,Fairfield,9072
2020-12-17,Hartford,12451
2020-12-17,Litchfield,1667
2020-12-17,Middlesex,2779
2020-12-17,New Haven,7990
2020-12-17,New London,2117
2020-12-17,Tolland,138
2020-12-17,Windham,806
2020-12-18,Fairfield,9110
2020-12-18,Hartford,12524
2020-12-18,Litchfield,1670
2020-12-18,Middlesex,2795
2020-12-18,New Haven,8019
2020-12-18,New London,2136
2020-12-18,Tolland,139
2020-12-18,Windham,814
2020-12-19,Fairfield,9162
2020-12-19,Hartford,12591
2020-12-19,Litchfield,1679
2020-12-19,Middlesex,2819
2020-12-19,New Haven,8077
2020-12-19,New London,2154
2020-12-19,Tolland,140
2020-12-19,Windham,820
2020-12-20,Fairfield,9196
2020-12-20,Hartford,12659
2020-12-20,Litchfield,1682
2020-12-20,Middlesex,2842
2020-12-20,New Haven,8120
2020-12-20,New London,2159
2020-12-20,Tolland,141
2020-12-20,Windham,822
2020-12-21,Fairfield,9233
2020-12-21,Hartford,12714
2020-12-21,Litchfield,1691
2020-12-21,Middlesex,2857
2020-12-21,New Haven,8172
2020-12-21,New London,2173
2020-12-21,Tolland,144
2020-12-21,Windham,826
2020-12-22,Fairfield,9296
2020-12-22,Hartford,12797
2020-12-22,Litchfield,1699
2020-12-22,Middlesex,2876
2020-12-22,New Haven,8239
2020-12-22,New London,2184
2020-12-22,Tolland,145
2020-12-22,Windham,833
2020-12-23,Fairfield,9344
2020-12-23,Hartford,12870
2020-12-23,Litchfield,1708
2020-12-23,Middlesex,2904
2020-12-23,New Haven,8289
2020-12-23,New London,2210
2020-12-23,Tolland,146
2020-12-23,Windham,841
2020-12-24,Fairfield,9390
2020-12-24,Hartford,12934
2020-12-24,Litchfield,1711
2020-12-24,Middlesex,2921
2020-12-24,New Haven,8327
2020-12-24,New London,2221
2020-12-24,Tolland,150
2020-12-24,Windham,846
2020-12-25,Fairfield,9430
2020-12-25,Hartford,13015
2020-12-25,Litchfield,1715
2020-12-25,Middlesex,2936
2020-12-25,New Haven,8390
2020-12-25,New London,2251
2020-12-25,Tolland,154
2020-12-25,Windham,852
2020-12-26,Fairfield,9479
2020-12-26,Hartford,13096
2020-12-26,Litchfield,1724
2020-12-26,Middlesex,2948
2020-12-26,New Haven,8442
2020-12-26,New London,2265
2020-12-26,Tolland,155
2020-12-26,Windham,857
2020-12-27,Fairfield,9523
2020-12-27,Hartford,13165
2020-12-27,Litchfield,1733
2020-12-27,Middlesex,2961
2020-12-27,New Haven,8489
2020-12-27,New London,2275
2020-12-27,Tolland,155
2020-12-27,Windham,865
2020-12-28,Fairfield,9563
2020-12-28,Hartford,13259
2020-12-28,Litchfield,1743
2020-12-28,Middlesex,2975
2020-12-28,New Haven,8535
2020-12-28,New London,2291
2020-12-28,Tolland,157
2020-12-28,Windham,875
2020-12-29,Fairfield,9608
2020-12-29,Hartford,13339
2020-12-29,Litchfield,1749
2020-12-29,Middlesex,2995
2020-12-29,New Haven,8586
2020-12-29,New London,2321
2020-12-29,Tolland,158
2020-12-29,Windham,881
2020-12-30,Fairfield,9668
2020-12-30,Hartford,13409
2020-12-30,Litchfield,1756
2020-12-30,Middlesex,3015
2020-12-30,New Haven,8619
2020-12-30,New London,2345
2020-12-30,Tolland,159
2020-12-30,Windham,885
2020-12-31,Fairfield,9709
2020-12-31,Hartford,13482
2020-12-31,Litchfield,1766
2020-12-31,Middlesex,3037
2020-12-31,New Haven,8666
2020-12-31,New London,2364
2020-12-31,Tolland,160
2020-12-31,Windham,888
2021-01-01,Fairfield,9748
2021-01-01,Hartford,13549
2021-01-01,Litchfield,1769
2021-01-01,Middlesex,3064
2021-01-01,New Haven,8707
2021-01-01,New London,2385
2021-01-01,Tolland,160
2021-01-01,Windham,892
2021-01-02,Fairfield,9781
2021-01-02,Hartford,13611
2021-01-02,Litchfield,1777
2021-01-02,Middlesex,3072
2021-01-02,New Haven,8726
2021-01-02,New London,2396
2021-01-02,Tolland,161
2021-01-02,Windham,901
2021-01-03,Fairfield,9821
2021-01-03,Hartford,13686
2021-01-03,Litchfield,1785
2021-01-03,Middlesex,3084
2021-01-03,New Haven,8766
2021-01-03,New London,2421
2021-01-03,Tolland,162
2021-01-03,Windham,906
2021-01-04,Fairfield,9859
2021-01-04,Hartford,13744
2021-01-04,Litchfield,1787
2021-01-04,Middlesex,3104
2021-01-04,New Haven,8798
2021-01-04,New London,2432
2021-01-04,Tolland,164
2021-01-04,Windham,913
2021-01-05,Fairfield,9924
2021-01-05,Hartford,13827
2021-01-05,Litchfield,1795
2021-01-05,Middlesex,3127
2021-01-05,New Haven,8856
2021-01-05,New London,2453
2021-01-05,Tolland,166
2021-01-05,Windham,922
2021-01-06,Fairfield,9976
2021-01-06,Hartford,13902
2021-01-06,Litchfield,1809
2021-01-06,Middlesex,3147
2021-01-06,New Haven,8914
2021-01-06,New London,2472
2021-01-06,Tolland,168
2021-01-06,Windham,935
2021-01-07,Fairfield,10021
2021-01-07,Hartford,13988
2021-01-07,Litchfield,1816
2021-01-07,Middlesex,3167
2021-01-07,New Haven,8968
2021-01-07,New London,2487
2021-01-07,Tolland,168
2021-01-07,Windham,944
2021-01-08,Fairfield,10067
2021-01-08,Hartford,14048
2021-01-08,Litchfield,1822
2021-01-08,Middlesex,3182
2021-01-08,New Haven,9020
2021-01-08,New London,2501
2021-01-08,Tolland,168
2021-01-08,Windham,953
2021-01-09,Fairfield,10121
2021-01-09,Hartford,14126
2021-01-09,Litchfield,1829
2021-01-09,Middlesex,3197
2021-01-09,New Haven,9069
2021-01-09,New London,2516
2021-01-09,Tolland,169
2021-01-09,Windham,959
2021-01-10,Fairfield,10155
2021-01-10,Hartford,14188
2021-01-10,Litchfield,1835
2021-01-10,Middlesex,3213
2021-01-10,New Haven,9106
2021-01-10,New London,2537
2021-01-10,Tolland,169
2021-01-10,Windham,964
2021-01-11,Fairfield,10188
2021-01-11,Hartford,14254
2021-01-11,Litchfield,1841
2021-01-11,Middlesex,3230
2021-01-11,New Haven,9150
2021-01-11,New London,2552
2021-01-11,Tolland,171
2021-01-11,Windham,974
2021-01-12,Fairfield,10226
2021-01-12,Hartford,14345
2021-01-12,Litchfield,1847
2021-01-12,Middlesex,3252
2021-01-12,New Haven,9195
2021-01-12,New London,2570
2021-01-12,Tolland,174
2021-01-12,Windham,985
2021-01-13,Fairfield,10270
2021-01-13,Hartford,14425
2021-01-13,Litchfield,1856
2021-01-13,Middlesex,3273
2021-01-13,New Haven,9245
2021-01-13,New London,2586
2021-01-13,Tolland,177
2021-01-13,Windham,991
2021-01-14,Fairfield,10343
2021-01-14,Hartford,14495
2021-01-14,Litchfield,1861
2021-01-14,Middlesex,3288
2021-01-14,New Haven,9307
2021-01-14,New London,2601
2021-01-14,Tolland,179
2021-01-14,Windham,998
2021-01-15,Fairfield,10408
2021-01-15,Hartford,14556
2021-01-15,Litchfield,1867
2021-01-15,Middlesex,3299
2021-01-15,New Haven,9365
2021-01-15,New London,2621
2021-01-15,Tolland,180
2021-01-15,Windham,1006
2021-01-16,Fairfield,10457
2021-01-16,Hartford,14626
2021-01-16,Litchfield,1871
2021-01-16,Middlesex,3315
2021-01-16,New Haven,9423
2021-01-16,New London,2638
2021-01-16,Tolland,180
2021-01-16,Windham,1010
2021-01-17,Fairfield,10503
2021-01-17,Hartford,14674
2021-01-17,Litchfield,1880
2021-01-17,Middlesex,3333
2021-01-17,New Haven,9480
2021-01-17,New London,2656
2021-01-17,Tolland,180
2021-01-17,Windham,1015
2021-01-18,Fairfield,10540
2021-01-18,Hartford,14745
2021-01-18,Litchfield,1884
2021-01-18,Middlesex,3341
2021-01-18,New Haven,9535
2021-01-18,New London,2668
2021-01-18,Tolland,182
2021-01-18,Windham,1021
2021-01-19,Fairfield,10581
2021-01-19,Hartford,14819
2021-01-19,Litchfield,1891
2021-01-19,Middlesex,3359
2021-01-19,New Haven,9599
2021-01-19,New London,2688
2021-01-19,Tolland,185
2021-01-19,Windham,1028
2021-01-20,Fairfield,10623
2021-01-20,Hartford,14894
2021-01-20,Litchfield,1898
2021-01-20,Middlesex,3381
2021-01-20,New Haven,9638
2021-01-20,New London,2711
2021-01-20,Tolland,185
2021-01-20,Windham,1034
2021-01-21,Fairfield,10660
2021-01-21,Hartford,14951
2021-01-21,Litchfield,1904
2021-01-21,Middlesex,3401
2021-01-21,New Haven,9678
2021-01-21,New London,2725
2021-01-21,Tolland,185
2021-01-21,Windham,1039
2021-01-22,Fairfield,10713
2021-01-22,Hartford,15012
2021-01-22,Litchfield,1917
2021-01-22,Middlesex,3401
2021-01-22,New Haven,9734
2021-01-22,New London,2743
2021-01-22,Tolland,189
2021-01-22,Windham,1049
2021-01-23,Fairfield,10757
2021-01-23,Hartford,15079
2021-01-23,Litchfield,1924
2021-01-23,Middlesex,3424
2021-01-23,New Haven,9781
2021-01-23,New London,2760
2021-01-23,Tolland,190
2021-01-23,Windham,1058
2021-01-24,Fairfield,10776
2021-01-24,Hartford,15131
2021-01-24,Litchfield,1932
2021-01-24,Middlesex,3442
2021-01-24,New Haven,9801
2021-01-24,New London,2766
2021-01-24,Tolland,192
2021-01-24,Windham,1065
2021-01-25,Fairfield,10815
2021-01-25,Hartford,15176
2021-01-25,Litchfield,1936
2021-01-25,Middlesex,3447
2021-01-25,New Haven,9834
2021-01-25,New London,2777
2021-01-25,Tolland,192
2021-01-25,Windham,1068
2021-01-26,Fairfield,10853
2021-01-26,Hartford,15248
2021-01-26,Litchfield,1943
2021-01-26,Middlesex,3463
2021-01-26,New Haven,9881
2021-01-26,New London,2787
2021-01-26,Tolland,192
2021-01-26,Windham,1079
2021-01-27,Fairfield,10903
2021-01-27,Hartford,15316
2021-01-27,Litchfield,1946
2021-01-27,Middlesex,3478
2021-01-27,New Haven,9922
2021-01-27,New London,2802
2021-01-27,Tolland,192
2021-01-27,Windham,1083
2021-01-28,Fairfield,10944
2021-01-28,Hartford,15378
2021-01-28,Litchfield,1948
2021-01-28,Middlesex,3502
2021-01-28,New Haven,9970
2021-01-28,New London,2812
2021-01-28,Tolland,192
2021-01-28,Windham,1091
2021-01-29,Fairfield,10990
2021-01-29,Hartford,15432
2021-01-29,Litchfield,1951
2021-01-29,Middlesex,3514
2021-01-29,New Haven,10022
2021-01-29,New London,2820
2021-01-29,Tolland,192
2021-01-29,Windham,1098
2021-01-30,Fairfield,11034
2021-01-30,Hartford,15481
2021-01-30,Litchfield,1959
2021-01-30,Middlesex,3527
2021-01-30,New Haven,10059
2021-01-30,New London,2832
2021-01-30,Tolland,192
2021-01-30,Windham,1103
2021-01-31,Fairfield,11055
2021-01-31,Hartford,15533
2021-01-31,Litchfield,1961
2021-01-31,Middlesex,3539
2021-01-31,New Haven,10095
2021-01-31,New London,2842
2021-01-31,Tolland,192
2021-01-31,Windham,1106
2021-02-01,Fairfield,11076
2021-02-01,Hartford,15575
2021-02-01,Litchfield,1962
2021-02-01,Middlesex,3557
2021-02-01,New Haven,10136
2021-02-01,New London,2858
2021-02-01,Tolland,192
2021-02-01,Windham,1111
