Date,County,variable,value
2020-03-17,Fairfield,Inpatient COVID-positive census,6
2020-03-17,Hartford,Inpatient COVID-positive census,0
2020-03-17,Litchfield,Inpatient COVID-positive census,0
2020-03-17,New Haven,Inpatient COVID-positive census,8
2020-03-17,New London,Inpatient COVID-positive census,0
2020-03-17,Tolland,Inpatient COVID-positive census,0
2020-03-17,Windham,Inpatient COVID-positive census,0
2020-03-18,Fairfield,Inpatient COVID-positive census,13
2020-03-18,Hartford,Inpatient COVID-positive census,9
2020-03-18,Litchfield,Inpatient COVID-positive census,0
2020-03-18,Middlesex,Inpatient COVID-positive census,1
2020-03-18,New Haven,Inpatient COVID-positive census,9
2020-03-18,New London,Inpatient COVID-positive census,0
2020-03-18,Tolland,Inpatient COVID-positive census,2
2020-03-18,Windham,Inpatient COVID-positive census,0
2020-03-19,Fairfield,Inpatient COVID-positive census,26
2020-03-19,Hartford,Inpatient COVID-positive census,12
2020-03-19,Litchfield,Inpatient COVID-positive census,0
2020-03-19,Middlesex,Inpatient COVID-positive census,1
2020-03-19,New Haven,Inpatient COVID-positive census,18
2020-03-19,New London,Inpatient COVID-positive census,0
2020-03-19,Tolland,Inpatient COVID-positive census,2
2020-03-19,Windham,Inpatient COVID-positive census,0
2020-03-20,Fairfield,Inpatient COVID-positive census,36
2020-03-20,Hartford,Inpatient COVID-positive census,11
2020-03-20,Litchfield,Inpatient COVID-positive census,0
2020-03-20,Middlesex,Inpatient COVID-positive census,1
2020-03-20,New Haven,Inpatient COVID-positive census,22
2020-03-20,New London,Inpatient COVID-positive census,0
2020-03-20,Tolland,Inpatient COVID-positive census,2
2020-03-20,Windham,Inpatient COVID-positive census,0
2020-03-21,Fairfield,Inpatient COVID-positive census,53
2020-03-21,Hartford,Inpatient COVID-positive census,11
2020-03-21,Litchfield,Inpatient COVID-positive census,0
2020-03-21,Middlesex,Inpatient COVID-positive census,1
2020-03-21,New Haven,Inpatient COVID-positive census,28
2020-03-21,New London,Inpatient COVID-positive census,1
2020-03-21,Tolland,Inpatient COVID-positive census,2
2020-03-21,Windham,Inpatient COVID-positive census,0
2020-03-22,Fairfield,Inpatient COVID-positive census,60
2020-03-22,Hartford,Inpatient COVID-positive census,14
2020-03-22,Litchfield,Inpatient COVID-positive census,0
2020-03-22,Middlesex,Inpatient COVID-positive census,1
2020-03-22,New Haven,Inpatient COVID-positive census,37
2020-03-22,New London,Inpatient COVID-positive census,1
2020-03-22,Tolland,Inpatient COVID-positive census,1
2020-03-22,Windham,Inpatient COVID-positive census,0
2020-03-23,Fairfield,Inpatient COVID-positive census,80
2020-03-23,Hartford,Inpatient COVID-positive census,15
2020-03-23,Litchfield,Inpatient COVID-positive census,0
2020-03-23,Middlesex,Inpatient COVID-positive census,1
2020-03-23,New Haven,Inpatient COVID-positive census,43
2020-03-23,New London,Inpatient COVID-positive census,2
2020-03-23,Tolland,Inpatient COVID-positive census,0
2020-03-23,Windham,Inpatient COVID-positive census,0
2020-03-24,Fairfield,Inpatient COVID-positive census,88
2020-03-24,Hartford,Inpatient COVID-positive census,17
2020-03-24,Litchfield,Inpatient COVID-positive census,0
2020-03-24,Middlesex,Inpatient COVID-positive census,1
2020-03-24,New Haven,Inpatient COVID-positive census,49
2020-03-24,New London,Inpatient COVID-positive census,2
2020-03-24,Tolland,Inpatient COVID-positive census,0
2020-03-24,Windham,Inpatient COVID-positive census,0
2020-03-25,Fairfield,Inpatient COVID-positive census,120
2020-03-25,Hartford,Inpatient COVID-positive census,28
2020-03-25,Litchfield,Inpatient COVID-positive census,4
2020-03-25,Middlesex,Inpatient COVID-positive census,1
2020-03-25,New Haven,Inpatient COVID-positive census,77
2020-03-25,New London,Inpatient COVID-positive census,2
2020-03-25,Tolland,Inpatient COVID-positive census,0
2020-03-25,Windham,Inpatient COVID-positive census,0
2020-03-26,Fairfield,Inpatient COVID-positive census,163
2020-03-26,Hartford,Inpatient COVID-positive census,41
2020-03-26,Litchfield,Inpatient COVID-positive census,6
2020-03-26,Middlesex,Inpatient COVID-positive census,1
2020-03-26,New Haven,Inpatient COVID-positive census,94
2020-03-26,New London,Inpatient COVID-positive census,2
2020-03-26,Tolland,Inpatient COVID-positive census,0
2020-03-26,Windham,Inpatient COVID-positive census,1
2020-03-27,Fairfield,Inpatient COVID-positive census,189
2020-03-27,Hartford,Inpatient COVID-positive census,67
2020-03-27,Litchfield,Inpatient COVID-positive census,5
2020-03-27,Middlesex,Inpatient COVID-positive census,1
2020-03-27,New Haven,Inpatient COVID-positive census,137
2020-03-27,New London,Inpatient COVID-positive census,4
2020-03-27,Tolland,Inpatient COVID-positive census,0
2020-03-27,Windham,Inpatient COVID-positive census,1
2020-03-28,Fairfield,Inpatient COVID-positive census,230
2020-03-28,Hartford,Inpatient COVID-positive census,96
2020-03-28,Litchfield,Inpatient COVID-positive census,7
2020-03-28,Middlesex,Inpatient COVID-positive census,1
2020-03-28,New Haven,Inpatient COVID-positive census,176
2020-03-28,New London,Inpatient COVID-positive census,5
2020-03-28,Tolland,Inpatient COVID-positive census,2
2020-03-28,Windham,Inpatient COVID-positive census,0
2020-03-29,Fairfield,Inpatient COVID-positive census,275
2020-03-29,Hartford,Inpatient COVID-positive census,110
2020-03-29,Litchfield,Inpatient COVID-positive census,7
2020-03-29,Middlesex,Inpatient COVID-positive census,5
2020-03-29,New Haven,Inpatient COVID-positive census,202
2020-03-29,New London,Inpatient COVID-positive census,8
2020-03-29,Tolland,Inpatient COVID-positive census,1
2020-03-29,Windham,Inpatient COVID-positive census,0
2020-03-30,Fairfield,Inpatient COVID-positive census,359
2020-03-30,Hartford,Inpatient COVID-positive census,126
2020-03-30,Litchfield,Inpatient COVID-positive census,11
2020-03-30,Middlesex,Inpatient COVID-positive census,8
2020-03-30,New Haven,Inpatient COVID-positive census,251
2020-03-30,New London,Inpatient COVID-positive census,10
2020-03-30,Tolland,Inpatient COVID-positive census,1
2020-03-30,Windham,Inpatient COVID-positive census,0
2020-03-31,Fairfield,Inpatient COVID-positive census,381
2020-03-31,Hartford,Inpatient COVID-positive census,136
2020-03-31,Litchfield,Inpatient COVID-positive census,11
2020-03-31,Middlesex,Inpatient COVID-positive census,11
2020-03-31,New Haven,Inpatient COVID-positive census,274
2020-03-31,New London,Inpatient COVID-positive census,9
2020-03-31,Tolland,Inpatient COVID-positive census,2
2020-03-31,Windham,Inpatient COVID-positive census,3
2020-04-01,Fairfield,Inpatient COVID-positive census,409
2020-04-01,Hartford,Inpatient COVID-positive census,166
2020-04-01,Litchfield,Inpatient COVID-positive census,14
2020-04-01,Middlesex,Inpatient COVID-positive census,12
2020-04-01,New Haven,Inpatient COVID-positive census,293
2020-04-01,New London,Inpatient COVID-positive census,9
2020-04-01,Tolland,Inpatient COVID-positive census,3
2020-04-01,Windham,Inpatient COVID-positive census,3
2020-04-02,Fairfield,Inpatient COVID-positive census,475
2020-04-02,Hartford,Inpatient COVID-positive census,184
2020-04-02,Litchfield,Inpatient COVID-positive census,15
2020-04-02,Middlesex,Inpatient COVID-positive census,19
2020-04-02,New Haven,Inpatient COVID-positive census,324
2020-04-02,New London,Inpatient COVID-positive census,10
2020-04-02,Tolland,Inpatient COVID-positive census,3
2020-04-02,Windham,Inpatient COVID-positive census,3
2020-04-03,Fairfield,Inpatient COVID-positive census,531
2020-04-03,Hartford,Inpatient COVID-positive census,189
2020-04-03,Litchfield,Inpatient COVID-positive census,15
2020-04-03,Middlesex,Inpatient COVID-positive census,19
2020-04-03,New Haven,Inpatient COVID-positive census,372
2020-04-03,New London,Inpatient COVID-positive census,10
2020-04-03,Tolland,Inpatient COVID-positive census,3
2020-04-03,Windham,Inpatient COVID-positive census,3
2020-04-04,Fairfield,Inpatient COVID-positive census,572
2020-04-04,Hartford,Inpatient COVID-positive census,213
2020-04-04,Litchfield,Inpatient COVID-positive census,15
2020-04-04,Middlesex,Inpatient COVID-positive census,22
2020-04-04,New Haven,Inpatient COVID-positive census,384
2020-04-04,New London,Inpatient COVID-positive census,10
2020-04-04,Tolland,Inpatient COVID-positive census,3
2020-04-04,Windham,Inpatient COVID-positive census,2
2020-04-05,Fairfield,Inpatient COVID-positive census,613
2020-04-05,Hartford,Inpatient COVID-positive census,243
2020-04-05,Litchfield,Inpatient COVID-positive census,17
2020-04-05,Middlesex,Inpatient COVID-positive census,26
2020-04-05,New Haven,Inpatient COVID-positive census,390
2020-04-05,New London,Inpatient COVID-positive census,12
2020-04-05,Tolland,Inpatient COVID-positive census,4
2020-04-05,Windham,Inpatient COVID-positive census,3
2020-04-06,Fairfield,Inpatient COVID-positive census,556
2020-04-06,Hartford,Inpatient COVID-positive census,251
2020-04-06,Litchfield,Inpatient COVID-positive census,19
2020-04-06,Middlesex,Inpatient COVID-positive census,28
2020-04-06,New Haven,Inpatient COVID-positive census,428
2020-04-06,New London,Inpatient COVID-positive census,16
2020-04-06,Tolland,Inpatient COVID-positive census,7
2020-04-06,Windham,Inpatient COVID-positive census,3
2020-04-07,Fairfield,Inpatient COVID-positive census,664
2020-04-07,Hartford,Inpatient COVID-positive census,275
2020-04-07,Litchfield,Inpatient COVID-positive census,25
2020-04-07,Middlesex,Inpatient COVID-positive census,26
2020-04-07,New Haven,Inpatient COVID-positive census,447
2020-04-07,New London,Inpatient COVID-positive census,15
2020-04-07,Tolland,Inpatient COVID-positive census,7
2020-04-07,Windham,Inpatient COVID-positive census,4
2020-04-09,Fairfield,Inpatient COVID-positive census,685
2020-04-09,Hartford,Inpatient COVID-positive census,296
2020-04-09,Litchfield,Inpatient COVID-positive census,32
2020-04-09,Middlesex,Inpatient COVID-positive census,28
2020-04-09,New Haven,Inpatient COVID-positive census,493
2020-04-09,New London,Inpatient COVID-positive census,17
2020-04-09,Tolland,Inpatient COVID-positive census,6
2020-04-09,Windham,Inpatient COVID-positive census,5
2020-04-10,Fairfield,Inpatient COVID-positive census,676
2020-04-10,Hartford,Inpatient COVID-positive census,311
2020-04-10,Litchfield,Inpatient COVID-positive census,38
2020-04-10,Middlesex,Inpatient COVID-positive census,27
2020-04-10,New Haven,Inpatient COVID-positive census,514
2020-04-10,New London,Inpatient COVID-positive census,16
2020-04-10,Tolland,Inpatient COVID-positive census,7
2020-04-10,Windham,Inpatient COVID-positive census,4
2020-04-11,Fairfield,Inpatient COVID-positive census,688
2020-04-11,Hartford,Inpatient COVID-positive census,333
2020-04-11,Litchfield,Inpatient COVID-positive census,39
2020-04-11,Middlesex,Inpatient COVID-positive census,32
2020-04-11,New Haven,Inpatient COVID-positive census,535
2020-04-11,New London,Inpatient COVID-positive census,16
2020-04-11,Tolland,Inpatient COVID-positive census,7
2020-04-11,Windham,Inpatient COVID-positive census,4
2020-04-12,Fairfield,Inpatient COVID-positive census,710
2020-04-12,Hartford,Inpatient COVID-positive census,361
2020-04-12,Litchfield,Inpatient COVID-positive census,37
2020-04-12,Middlesex,Inpatient COVID-positive census,35
2020-04-12,New Haven,Inpatient COVID-positive census,580
2020-04-12,New London,Inpatient COVID-positive census,20
2020-04-12,Tolland,Inpatient COVID-positive census,13
2020-04-12,Windham,Inpatient COVID-positive census,4
2020-04-13,Fairfield,Inpatient COVID-positive census,731
2020-04-13,Hartford,Inpatient COVID-positive census,369
2020-04-13,Litchfield,Inpatient COVID-positive census,35
2020-04-13,Middlesex,Inpatient COVID-positive census,38
2020-04-13,New Haven,Inpatient COVID-positive census,572
2020-04-13,New London,Inpatient COVID-positive census,17
2020-04-13,Tolland,Inpatient COVID-positive census,12
2020-04-13,Windham,Inpatient COVID-positive census,5
2020-04-14,Fairfield,Inpatient COVID-positive census,784
2020-04-14,Hartford,Inpatient COVID-positive census,402
2020-04-14,Litchfield,Inpatient COVID-positive census,32
2020-04-14,Middlesex,Inpatient COVID-positive census,40
2020-04-14,New Haven,Inpatient COVID-positive census,612
2020-04-14,New London,Inpatient COVID-positive census,21
2020-04-14,Tolland,Inpatient COVID-positive census,11
2020-04-14,Windham,Inpatient COVID-positive census,6
2020-04-15,Fairfield,Inpatient COVID-positive census,787
2020-04-15,Hartford,Inpatient COVID-positive census,420
2020-04-15,Litchfield,Inpatient COVID-positive census,27
2020-04-15,Middlesex,Inpatient COVID-positive census,39
2020-04-15,New Haven,Inpatient COVID-positive census,613
2020-04-15,New London,Inpatient COVID-positive census,23
2020-04-15,Tolland,Inpatient COVID-positive census,11
2020-04-15,Windham,Inpatient COVID-positive census,6
2020-04-16,Fairfield,Inpatient COVID-positive census,797
2020-04-16,Hartford,Inpatient COVID-positive census,410
2020-04-16,Litchfield,Inpatient COVID-positive census,28
2020-04-16,Middlesex,Inpatient COVID-positive census,37
2020-04-16,New Haven,Inpatient COVID-positive census,633
2020-04-16,New London,Inpatient COVID-positive census,22
2020-04-16,Tolland,Inpatient COVID-positive census,12
2020-04-16,Windham,Inpatient COVID-positive census,7
2020-04-17,Fairfield,Inpatient COVID-positive census,776
2020-04-17,Hartford,Inpatient COVID-positive census,417
2020-04-17,Litchfield,Inpatient COVID-positive census,30
2020-04-17,Middlesex,Inpatient COVID-positive census,36
2020-04-17,New Haven,Inpatient COVID-positive census,638
2020-04-17,New London,Inpatient COVID-positive census,23
2020-04-17,Tolland,Inpatient COVID-positive census,14
2020-04-17,Windham,Inpatient COVID-positive census,4
2020-04-18,Fairfield,Inpatient COVID-positive census,746
2020-04-18,Hartford,Inpatient COVID-positive census,420
2020-04-18,Litchfield,Inpatient COVID-positive census,27
2020-04-18,Middlesex,Inpatient COVID-positive census,33
2020-04-18,New Haven,Inpatient COVID-positive census,633
2020-04-18,New London,Inpatient COVID-positive census,26
2020-04-18,Tolland,Inpatient COVID-positive census,12
2020-04-18,Windham,Inpatient COVID-positive census,4
2020-04-19,Fairfield,Inpatient COVID-positive census,733
2020-04-19,Hartford,Inpatient COVID-positive census,455
2020-04-19,Litchfield,Inpatient COVID-positive census,23
2020-04-19,Middlesex,Inpatient COVID-positive census,36
2020-04-19,New Haven,Inpatient COVID-positive census,626
2020-04-19,New London,Inpatient COVID-positive census,29
2020-04-19,Tolland,Inpatient COVID-positive census,13
2020-04-19,Windham,Inpatient COVID-positive census,4
2020-04-20,Fairfield,Inpatient COVID-positive census,735
2020-04-20,Hartford,Inpatient COVID-positive census,473
2020-04-20,Litchfield,Inpatient COVID-positive census,23
2020-04-20,Middlesex,Inpatient COVID-positive census,40
2020-04-20,New Haven,Inpatient COVID-positive census,625
2020-04-20,New London,Inpatient COVID-positive census,35
2020-04-20,Tolland,Inpatient COVID-positive census,13
2020-04-20,Windham,Inpatient COVID-positive census,5
2020-04-21,Fairfield,Inpatient COVID-positive census,749
2020-04-21,Hartford,Inpatient COVID-positive census,495
2020-04-21,Litchfield,Inpatient COVID-positive census,20
2020-04-21,Middlesex,Inpatient COVID-positive census,42
2020-04-21,New Haven,Inpatient COVID-positive census,620
2020-04-21,New London,Inpatient COVID-positive census,32
2020-04-21,Tolland,Inpatient COVID-positive census,11
2020-04-21,Windham,Inpatient COVID-positive census,3
2020-04-22,Fairfield,Inpatient COVID-positive census,730
2020-04-22,Hartford,Inpatient COVID-positive census,490
2020-04-22,Litchfield,Inpatient COVID-positive census,22
2020-04-22,Middlesex,Inpatient COVID-positive census,38
2020-04-22,New Haven,Inpatient COVID-positive census,626
2020-04-22,New London,Inpatient COVID-positive census,31
2020-04-22,Tolland,Inpatient COVID-positive census,6
2020-04-22,Windham,Inpatient COVID-positive census,4
2020-04-23,Fairfield,Inpatient COVID-positive census,694
2020-04-23,Hartford,Inpatient COVID-positive census,462
2020-04-23,Litchfield,Inpatient COVID-positive census,22
2020-04-23,Middlesex,Inpatient COVID-positive census,39
2020-04-23,New Haven,Inpatient COVID-positive census,617
2020-04-23,New London,Inpatient COVID-positive census,33
2020-04-23,Tolland,Inpatient COVID-positive census,4
2020-04-23,Windham,Inpatient COVID-positive census,6
2020-04-24,Fairfield,Inpatient COVID-positive census,649
2020-04-24,Hartford,Inpatient COVID-positive census,443
2020-04-24,Litchfield,Inpatient COVID-positive census,22
2020-04-24,Middlesex,Inpatient COVID-positive census,41
2020-04-24,New Haven,Inpatient COVID-positive census,610
2020-04-24,New London,Inpatient COVID-positive census,33
2020-04-24,Tolland,Inpatient COVID-positive census,6
2020-04-24,Windham,Inpatient COVID-positive census,6
2020-04-25,Fairfield,Inpatient COVID-positive census,635
2020-04-25,Hartford,Inpatient COVID-positive census,426
2020-04-25,Litchfield,Inpatient COVID-positive census,22
2020-04-25,Middlesex,Inpatient COVID-positive census,37
2020-04-25,New Haven,Inpatient COVID-positive census,605
2020-04-25,New London,Inpatient COVID-positive census,31
2020-04-25,Tolland,Inpatient COVID-positive census,5
2020-04-25,Windham,Inpatient COVID-positive census,5
2020-04-26,Fairfield,Inpatient COVID-positive census,627
2020-04-26,Hartford,Inpatient COVID-positive census,429
2020-04-26,Litchfield,Inpatient COVID-positive census,21
2020-04-26,Middlesex,Inpatient COVID-positive census,37
2020-04-26,New Haven,Inpatient COVID-positive census,602
2020-04-26,New London,Inpatient COVID-positive census,31
2020-04-26,Tolland,Inpatient COVID-positive census,5
2020-04-26,Windham,Inpatient COVID-positive census,6
2020-04-27,Fairfield,Inpatient COVID-positive census,620
2020-04-27,Hartford,Inpatient COVID-positive census,418
2020-04-27,Litchfield,Inpatient COVID-positive census,20
2020-04-27,Middlesex,Inpatient COVID-positive census,31
2020-04-27,New Haven,Inpatient COVID-positive census,598
2020-04-27,New London,Inpatient COVID-positive census,34
2020-04-27,Tolland,Inpatient COVID-positive census,6
2020-04-27,Windham,Inpatient COVID-positive census,5
2020-04-28,Fairfield,Inpatient COVID-positive census,591
2020-04-28,Hartford,Inpatient COVID-positive census,403
2020-04-28,Litchfield,Inpatient COVID-positive census,21
2020-04-28,Middlesex,Inpatient COVID-positive census,37
2020-04-28,New Haven,Inpatient COVID-positive census,591
2020-04-28,New London,Inpatient COVID-positive census,39
2020-04-28,Tolland,Inpatient COVID-positive census,5
2020-04-28,Windham,Inpatient COVID-positive census,4
2020-04-29,Fairfield,Inpatient COVID-positive census,565
2020-04-29,Hartford,Inpatient COVID-positive census,416
2020-04-29,Litchfield,Inpatient COVID-positive census,21
2020-04-29,Middlesex,Inpatient COVID-positive census,42
2020-04-29,New Haven,Inpatient COVID-positive census,557
2020-04-29,New London,Inpatient COVID-positive census,41
2020-04-29,Tolland,Inpatient COVID-positive census,4
2020-04-29,Windham,Inpatient COVID-positive census,4
2020-04-30,Fairfield,Inpatient COVID-positive census,537
2020-04-30,Hartford,Inpatient COVID-positive census,413
2020-04-30,Litchfield,Inpatient COVID-positive census,22
2020-04-30,Middlesex,Inpatient COVID-positive census,40
2020-04-30,New Haven,Inpatient COVID-positive census,533
2020-04-30,New London,Inpatient COVID-positive census,38
2020-04-30,Tolland,Inpatient COVID-positive census,6
2020-04-30,Windham,Inpatient COVID-positive census,3
2020-05-01,Fairfield,Inpatient COVID-positive census,525
2020-05-01,Hartford,Inpatient COVID-positive census,400
2020-05-01,Litchfield,Inpatient COVID-positive census,22
2020-05-01,Middlesex,Inpatient COVID-positive census,37
2020-05-01,New Haven,Inpatient COVID-positive census,523
2020-05-01,New London,Inpatient COVID-positive census,33
2020-05-01,Tolland,Inpatient COVID-positive census,6
2020-05-01,Windham,Inpatient COVID-positive census,5
2020-05-02,Fairfield,Inpatient COVID-positive census,514
2020-05-02,Hartford,Inpatient COVID-positive census,368
2020-05-02,Litchfield,Inpatient COVID-positive census,20
2020-05-02,Middlesex,Inpatient COVID-positive census,40
2020-05-02,New Haven,Inpatient COVID-positive census,505
2020-05-02,New London,Inpatient COVID-positive census,31
2020-05-02,Tolland,Inpatient COVID-positive census,6
2020-05-02,Windham,Inpatient COVID-positive census,4
2020-05-03,Fairfield,Inpatient COVID-positive census,507
2020-05-03,Hartford,Inpatient COVID-positive census,362
2020-05-03,Litchfield,Inpatient COVID-positive census,23
2020-05-03,Middlesex,Inpatient COVID-positive census,41
2020-05-03,New Haven,Inpatient COVID-positive census,487
2020-05-03,New London,Inpatient COVID-positive census,33
2020-05-03,Tolland,Inpatient COVID-positive census,6
2020-05-03,Windham,Inpatient COVID-positive census,5
2020-05-04,Fairfield,Inpatient COVID-positive census,519
2020-05-04,Hartford,Inpatient COVID-positive census,369
2020-05-04,Litchfield,Inpatient COVID-positive census,24
2020-05-04,Middlesex,Inpatient COVID-positive census,42
2020-05-04,New Haven,Inpatient COVID-positive census,504
2020-05-04,New London,Inpatient COVID-positive census,34
2020-05-04,Tolland,Inpatient COVID-positive census,7
2020-05-04,Windham,Inpatient COVID-positive census,1
2020-05-05,Fairfield,Inpatient COVID-positive census,489
2020-05-05,Hartford,Inpatient COVID-positive census,361
2020-05-05,Litchfield,Inpatient COVID-positive census,21
2020-05-05,Middlesex,Inpatient COVID-positive census,42
2020-05-05,New Haven,Inpatient COVID-positive census,487
2020-05-05,New London,Inpatient COVID-positive census,36
2020-05-05,Tolland,Inpatient COVID-positive census,6
2020-05-05,Windham,Inpatient COVID-positive census,3
2020-05-06,Fairfield,Inpatient COVID-positive census,469
2020-05-06,Hartford,Inpatient COVID-positive census,340
2020-05-06,Litchfield,Inpatient COVID-positive census,20
2020-05-06,Middlesex,Inpatient COVID-positive census,45
2020-05-06,New Haven,Inpatient COVID-positive census,468
2020-05-06,New London,Inpatient COVID-positive census,35
2020-05-06,Tolland,Inpatient COVID-positive census,5
2020-05-06,Windham,Inpatient COVID-positive census,3
2020-05-07,Fairfield,Inpatient COVID-positive census,439
2020-05-07,Hartford,Inpatient COVID-positive census,348
2020-05-07,Litchfield,Inpatient COVID-positive census,17
2020-05-07,Middlesex,Inpatient COVID-positive census,41
2020-05-07,New Haven,Inpatient COVID-positive census,448
2020-05-07,New London,Inpatient COVID-positive census,36
2020-05-07,Tolland,Inpatient COVID-positive census,5
2020-05-07,Windham,Inpatient COVID-positive census,2
2020-05-08,Fairfield,Inpatient COVID-positive census,424
2020-05-08,Hartford,Inpatient COVID-positive census,339
2020-05-08,Litchfield,Inpatient COVID-positive census,15
2020-05-08,Middlesex,Inpatient COVID-positive census,44
2020-05-08,New Haven,Inpatient COVID-positive census,437
2020-05-08,New London,Inpatient COVID-positive census,33
2020-05-08,Tolland,Inpatient COVID-positive census,6
2020-05-08,Windham,Inpatient COVID-positive census,4
2020-05-09,Fairfield,Inpatient COVID-positive census,403
2020-05-09,Hartford,Inpatient COVID-positive census,316
2020-05-09,Litchfield,Inpatient COVID-positive census,19
2020-05-09,Middlesex,Inpatient COVID-positive census,47
2020-05-09,New Haven,Inpatient COVID-positive census,421
2020-05-09,New London,Inpatient COVID-positive census,27
2020-05-09,Tolland,Inpatient COVID-positive census,5
2020-05-09,Windham,Inpatient COVID-positive census,4
2020-05-10,Fairfield,Inpatient COVID-positive census,384
2020-05-10,Hartford,Inpatient COVID-positive census,328
2020-05-10,Litchfield,Inpatient COVID-positive census,17
2020-05-10,Middlesex,Inpatient COVID-positive census,42
2020-05-10,New Haven,Inpatient COVID-positive census,405
2020-05-10,New London,Inpatient COVID-positive census,26
2020-05-10,Tolland,Inpatient COVID-positive census,4
2020-05-10,Windham,Inpatient COVID-positive census,6
2020-05-11,Fairfield,Inpatient COVID-positive census,378
2020-05-11,Hartford,Inpatient COVID-positive census,320
2020-05-11,Litchfield,Inpatient COVID-positive census,21
2020-05-11,Middlesex,Inpatient COVID-positive census,40
2020-05-11,New Haven,Inpatient COVID-positive census,399
2020-05-11,New London,Inpatient COVID-positive census,23
2020-05-11,Tolland,Inpatient COVID-positive census,2
2020-05-11,Windham,Inpatient COVID-positive census,6
2020-05-12,Fairfield,Inpatient COVID-positive census,372
2020-05-12,Hartford,Inpatient COVID-positive census,296
2020-05-12,Litchfield,Inpatient COVID-positive census,18
2020-05-12,Middlesex,Inpatient COVID-positive census,36
2020-05-12,New Haven,Inpatient COVID-positive census,404
2020-05-12,New London,Inpatient COVID-positive census,24
2020-05-12,Tolland,Inpatient COVID-positive census,3
2020-05-12,Windham,Inpatient COVID-positive census,5
2020-05-13,Fairfield,Inpatient COVID-positive census,362
2020-05-13,Hartford,Inpatient COVID-positive census,269
2020-05-13,Litchfield,Inpatient COVID-positive census,14
2020-05-13,Middlesex,Inpatient COVID-positive census,31
2020-05-13,New Haven,Inpatient COVID-positive census,394
2020-05-13,New London,Inpatient COVID-positive census,24
2020-05-13,Tolland,Inpatient COVID-positive census,3
2020-05-13,Windham,Inpatient COVID-positive census,6
2020-05-14,Fairfield,Inpatient COVID-positive census,342
2020-05-14,Hartford,Inpatient COVID-positive census,248
2020-05-14,Litchfield,Inpatient COVID-positive census,14
2020-05-14,Middlesex,Inpatient COVID-positive census,32
2020-05-14,New Haven,Inpatient COVID-positive census,367
2020-05-14,New London,Inpatient COVID-positive census,24
2020-05-14,Tolland,Inpatient COVID-positive census,1
2020-05-14,Windham,Inpatient COVID-positive census,5
2020-05-15,Fairfield,Inpatient COVID-positive census,330
2020-05-15,Hartford,Inpatient COVID-positive census,243
2020-05-15,Litchfield,Inpatient COVID-positive census,10
2020-05-15,Middlesex,Inpatient COVID-positive census,29
2020-05-15,New Haven,Inpatient COVID-positive census,352
2020-05-15,New London,Inpatient COVID-positive census,24
2020-05-15,Tolland,Inpatient COVID-positive census,1
2020-05-15,Windham,Inpatient COVID-positive census,5
2020-05-16,Fairfield,Inpatient COVID-positive census,299
2020-05-16,Hartford,Inpatient COVID-positive census,234
2020-05-16,Litchfield,Inpatient COVID-positive census,10
2020-05-16,Middlesex,Inpatient COVID-positive census,32
2020-05-16,New Haven,Inpatient COVID-positive census,336
2020-05-16,New London,Inpatient COVID-positive census,22
2020-05-16,Tolland,Inpatient COVID-positive census,1
2020-05-16,Windham,Inpatient COVID-positive census,3
2020-05-17,Fairfield,Inpatient COVID-positive census,287
2020-05-17,Hartford,Inpatient COVID-positive census,235
2020-05-17,Litchfield,Inpatient COVID-positive census,10
2020-05-17,Middlesex,Inpatient COVID-positive census,32
2020-05-17,New Haven,Inpatient COVID-positive census,331
2020-05-17,New London,Inpatient COVID-positive census,21
2020-05-17,Tolland,Inpatient COVID-positive census,1
2020-05-17,Windham,Inpatient COVID-positive census,3
2020-05-18,Fairfield,Inpatient COVID-positive census,287
2020-05-18,Hartford,Inpatient COVID-positive census,226
2020-05-18,Litchfield,Inpatient COVID-positive census,11
2020-05-18,Middlesex,Inpatient COVID-positive census,35
2020-05-18,New Haven,Inpatient COVID-positive census,327
2020-05-18,New London,Inpatient COVID-positive census,24
2020-05-18,Tolland,Inpatient COVID-positive census,1
2020-05-18,Windham,Inpatient COVID-positive census,3
2020-05-19,Fairfield,Inpatient COVID-positive census,272
2020-05-19,Hartford,Inpatient COVID-positive census,222
2020-05-19,Litchfield,Inpatient COVID-positive census,7
2020-05-19,Middlesex,Inpatient COVID-positive census,33
2020-05-19,New Haven,Inpatient COVID-positive census,326
2020-05-19,New London,Inpatient COVID-positive census,24
2020-05-19,Tolland,Inpatient COVID-positive census,0
2020-05-19,Windham,Inpatient COVID-positive census,3
2020-05-20,Fairfield,Inpatient COVID-positive census,241
2020-05-20,Hartford,Inpatient COVID-positive census,214
2020-05-20,Litchfield,Inpatient COVID-positive census,7
2020-05-20,Middlesex,Inpatient COVID-positive census,28
2020-05-20,New Haven,Inpatient COVID-positive census,301
2020-05-20,New London,Inpatient COVID-positive census,22
2020-05-20,Tolland,Inpatient COVID-positive census,0
2020-05-20,Windham,Inpatient COVID-positive census,3
2020-05-21,Fairfield,Inpatient COVID-positive census,226
2020-05-21,Hartford,Inpatient COVID-positive census,184
2020-05-21,Litchfield,Inpatient COVID-positive census,6
2020-05-21,Middlesex,Inpatient COVID-positive census,28
2020-05-21,New Haven,Inpatient COVID-positive census,272
2020-05-21,New London,Inpatient COVID-positive census,21
2020-05-21,Tolland,Inpatient COVID-positive census,0
2020-05-21,Windham,Inpatient COVID-positive census,3
2020-05-22,Fairfield,Inpatient COVID-positive census,227
2020-05-22,Hartford,Inpatient COVID-positive census,179
2020-05-22,Litchfield,Inpatient COVID-positive census,5
2020-05-22,Middlesex,Inpatient COVID-positive census,25
2020-05-22,New Haven,Inpatient COVID-positive census,265
2020-05-22,New London,Inpatient COVID-positive census,20
2020-05-22,Tolland,Inpatient COVID-positive census,0
2020-05-22,Windham,Inpatient COVID-positive census,3
2020-05-23,Fairfield,Inpatient COVID-positive census,232
2020-05-23,Hartford,Inpatient COVID-positive census,164
2020-05-23,Litchfield,Inpatient COVID-positive census,5
2020-05-23,Middlesex,Inpatient COVID-positive census,26
2020-05-23,New Haven,Inpatient COVID-positive census,254
2020-05-23,New London,Inpatient COVID-positive census,17
2020-05-23,Tolland,Inpatient COVID-positive census,0
2020-05-23,Windham,Inpatient COVID-positive census,3
2020-05-24,Fairfield,Inpatient COVID-positive census,233
2020-05-24,Hartford,Inpatient COVID-positive census,166
2020-05-24,Litchfield,Inpatient COVID-positive census,6
2020-05-24,Middlesex,Inpatient COVID-positive census,29
2020-05-24,New Haven,Inpatient COVID-positive census,253
2020-05-24,New London,Inpatient COVID-positive census,16
2020-05-24,Tolland,Inpatient COVID-positive census,0
2020-05-24,Windham,Inpatient COVID-positive census,3
2020-05-25,Fairfield,Inpatient COVID-positive census,225
2020-05-25,Hartford,Inpatient COVID-positive census,173
2020-05-25,Litchfield,Inpatient COVID-positive census,4
2020-05-25,Middlesex,Inpatient COVID-positive census,28
2020-05-25,New Haven,Inpatient COVID-positive census,248
2020-05-25,New London,Inpatient COVID-positive census,14
2020-05-25,Tolland,Inpatient COVID-positive census,0
2020-05-25,Windham,Inpatient COVID-positive census,2
2020-05-26,Fairfield,Inpatient COVID-positive census,220
2020-05-26,Hartford,Inpatient COVID-positive census,165
2020-05-26,Litchfield,Inpatient COVID-positive census,5
2020-05-26,Middlesex,Inpatient COVID-positive census,30
2020-05-26,New Haven,Inpatient COVID-positive census,248
2020-05-26,New London,Inpatient COVID-positive census,15
2020-05-26,Tolland,Inpatient COVID-positive census,0
2020-05-26,Windham,Inpatient COVID-positive census,1
2020-05-27,Fairfield,Inpatient COVID-positive census,211
2020-05-27,Hartford,Inpatient COVID-positive census,158
2020-05-27,Litchfield,Inpatient COVID-positive census,8
2020-05-27,Middlesex,Inpatient COVID-positive census,24
2020-05-27,New Haven,Inpatient COVID-positive census,232
2020-05-27,New London,Inpatient COVID-positive census,12
2020-05-27,Tolland,Inpatient COVID-positive census,2
2020-05-27,Windham,Inpatient COVID-positive census,1
2020-05-28,Fairfield,Inpatient COVID-positive census,188
2020-05-28,Hartford,Inpatient COVID-positive census,138
2020-05-28,Litchfield,Inpatient COVID-positive census,5
2020-05-28,Middlesex,Inpatient COVID-positive census,22
2020-05-28,New Haven,Inpatient COVID-positive census,207
2020-05-28,New London,Inpatient COVID-positive census,12
2020-05-28,Tolland,Inpatient COVID-positive census,2
2020-05-28,Windham,Inpatient COVID-positive census,3
2020-05-29,Fairfield,Inpatient COVID-positive census,176
2020-05-29,Hartford,Inpatient COVID-positive census,120
2020-05-29,Litchfield,Inpatient COVID-positive census,3
2020-05-29,Middlesex,Inpatient COVID-positive census,22
2020-05-29,New Haven,Inpatient COVID-positive census,195
2020-05-29,New London,Inpatient COVID-positive census,13
2020-05-29,Tolland,Inpatient COVID-positive census,2
2020-05-29,Windham,Inpatient COVID-positive census,2
2020-05-30,Fairfield,Inpatient COVID-positive census,163
2020-05-30,Hartford,Inpatient COVID-positive census,107
2020-05-30,Litchfield,Inpatient COVID-positive census,2
2020-05-30,Middlesex,Inpatient COVID-positive census,23
2020-05-30,New Haven,Inpatient COVID-positive census,170
2020-05-30,New London,Inpatient COVID-positive census,11
2020-05-30,Tolland,Inpatient COVID-positive census,2
2020-05-30,Windham,Inpatient COVID-positive census,3
2020-05-31,Fairfield,Inpatient COVID-positive census,157
2020-05-31,Hartford,Inpatient COVID-positive census,100
2020-05-31,Litchfield,Inpatient COVID-positive census,4
2020-05-31,Middlesex,Inpatient COVID-positive census,21
2020-05-31,New Haven,Inpatient COVID-positive census,160
2020-05-31,New London,Inpatient COVID-positive census,9
2020-05-31,Tolland,Inpatient COVID-positive census,2
2020-05-31,Windham,Inpatient COVID-positive census,1
2020-06-01,Fairfield,Inpatient COVID-positive census,153
2020-06-01,Hartford,Inpatient COVID-positive census,93
2020-06-01,Litchfield,Inpatient COVID-positive census,4
2020-06-01,Middlesex,Inpatient COVID-positive census,24
2020-06-01,New Haven,Inpatient COVID-positive census,149
2020-06-01,New London,Inpatient COVID-positive census,9
2020-06-01,Tolland,Inpatient COVID-positive census,1
2020-06-01,Windham,Inpatient COVID-positive census,1
2020-06-02,Fairfield,Inpatient COVID-positive census,134
2020-06-02,Hartford,Inpatient COVID-positive census,92
2020-06-02,Litchfield,Inpatient COVID-positive census,5
2020-06-02,Middlesex,Inpatient COVID-positive census,16
2020-06-02,New Haven,Inpatient COVID-positive census,150
2020-06-02,New London,Inpatient COVID-positive census,8
2020-06-02,Tolland,Inpatient COVID-positive census,0
2020-06-02,Windham,Inpatient COVID-positive census,1
2020-06-03,Fairfield,Inpatient COVID-positive census,126
2020-06-03,Hartford,Inpatient COVID-positive census,90
2020-06-03,Litchfield,Inpatient COVID-positive census,3
2020-06-03,Middlesex,Inpatient COVID-positive census,15
2020-06-03,New Haven,Inpatient COVID-positive census,128
2020-06-03,New London,Inpatient COVID-positive census,8
2020-06-03,Tolland,Inpatient COVID-positive census,0
2020-06-03,Windham,Inpatient COVID-positive census,3
2020-06-04,Fairfield,Inpatient COVID-positive census,111
2020-06-04,Hartford,Inpatient COVID-positive census,83
2020-06-04,Litchfield,Inpatient COVID-positive census,2
2020-06-04,Middlesex,Inpatient COVID-positive census,14
2020-06-04,New Haven,Inpatient COVID-positive census,127
2020-06-04,New London,Inpatient COVID-positive census,8
2020-06-04,Tolland,Inpatient COVID-positive census,0
2020-06-04,Windham,Inpatient COVID-positive census,5
2020-06-05,Fairfield,Inpatient COVID-positive census,108
2020-06-05,Hartford,Inpatient COVID-positive census,78
2020-06-05,Litchfield,Inpatient COVID-positive census,1
2020-06-05,Middlesex,Inpatient COVID-positive census,14
2020-06-05,New Haven,Inpatient COVID-positive census,121
2020-06-05,New London,Inpatient COVID-positive census,7
2020-06-05,Tolland,Inpatient COVID-positive census,0
2020-06-05,Windham,Inpatient COVID-positive census,4
2020-06-06,Fairfield,Inpatient COVID-positive census,111
2020-06-06,Hartford,Inpatient COVID-positive census,87
2020-06-06,Litchfield,Inpatient COVID-positive census,1
2020-06-06,Middlesex,Inpatient COVID-positive census,15
2020-06-06,New Haven,Inpatient COVID-positive census,110
2020-06-06,New London,Inpatient COVID-positive census,6
2020-06-06,Tolland,Inpatient COVID-positive census,0
2020-06-06,Windham,Inpatient COVID-positive census,3
2020-06-07,Fairfield,Inpatient COVID-positive census,114
2020-06-07,Hartford,Inpatient COVID-positive census,77
2020-06-07,Litchfield,Inpatient COVID-positive census,2
2020-06-07,Middlesex,Inpatient COVID-positive census,14
2020-06-07,New Haven,Inpatient COVID-positive census,108
2020-06-07,New London,Inpatient COVID-positive census,7
2020-06-07,Tolland,Inpatient COVID-positive census,0
2020-06-07,Windham,Inpatient COVID-positive census,2
2020-06-08,Fairfield,Inpatient COVID-positive census,111
2020-06-08,Hartford,Inpatient COVID-positive census,68
2020-06-08,Litchfield,Inpatient COVID-positive census,3
2020-06-08,Middlesex,Inpatient COVID-positive census,12
2020-06-08,New Haven,Inpatient COVID-positive census,88
2020-06-08,New London,Inpatient COVID-positive census,8
2020-06-08,Tolland,Inpatient COVID-positive census,1
2020-06-08,Windham,Inpatient COVID-positive census,2
2020-06-09,Fairfield,Inpatient COVID-positive census,92
2020-06-09,Hartford,Inpatient COVID-positive census,69
2020-06-09,Litchfield,Inpatient COVID-positive census,3
2020-06-09,Middlesex,Inpatient COVID-positive census,12
2020-06-09,New Haven,Inpatient COVID-positive census,84
2020-06-09,New London,Inpatient COVID-positive census,8
2020-06-09,Tolland,Inpatient COVID-positive census,0
2020-06-09,Windham,Inpatient COVID-positive census,2
2020-06-10,Fairfield,Inpatient COVID-positive census,89
2020-06-10,Hartford,Inpatient COVID-positive census,60
2020-06-10,Litchfield,Inpatient COVID-positive census,3
2020-06-10,Middlesex,Inpatient COVID-positive census,14
2020-06-10,New Haven,Inpatient COVID-positive census,71
2020-06-10,New London,Inpatient COVID-positive census,7
2020-06-10,Tolland,Inpatient COVID-positive census,0
2020-06-10,Windham,Inpatient COVID-positive census,2
2020-06-11,Fairfield,Inpatient COVID-positive census,81
2020-06-11,Hartford,Inpatient COVID-positive census,61
2020-06-11,Litchfield,Inpatient COVID-positive census,3
2020-06-11,Middlesex,Inpatient COVID-positive census,15
2020-06-11,New Haven,Inpatient COVID-positive census,74
2020-06-11,New London,Inpatient COVID-positive census,7
2020-06-11,Tolland,Inpatient COVID-positive census,0
2020-06-11,Windham,Inpatient COVID-positive census,3
2020-06-12,Fairfield,Inpatient COVID-positive census,81
2020-06-12,Hartford,Inpatient COVID-positive census,54
2020-06-12,Litchfield,Inpatient COVID-positive census,3
2020-06-12,Middlesex,Inpatient COVID-positive census,13
2020-06-12,New Haven,Inpatient COVID-positive census,73
2020-06-12,New London,Inpatient COVID-positive census,7
2020-06-12,Tolland,Inpatient COVID-positive census,0
2020-06-12,Windham,Inpatient COVID-positive census,2
2020-06-13,Fairfield,Inpatient COVID-positive census,68
2020-06-13,Hartford,Inpatient COVID-positive census,52
2020-06-13,Litchfield,Inpatient COVID-positive census,3
2020-06-13,Middlesex,Inpatient COVID-positive census,11
2020-06-13,New Haven,Inpatient COVID-positive census,63
2020-06-13,New London,Inpatient COVID-positive census,6
2020-06-13,Tolland,Inpatient COVID-positive census,0
2020-06-13,Windham,Inpatient COVID-positive census,2
2020-06-14,Fairfield,Inpatient COVID-positive census,70
2020-06-14,Hartford,Inpatient COVID-positive census,52
2020-06-14,Litchfield,Inpatient COVID-positive census,3
2020-06-14,Middlesex,Inpatient COVID-positive census,9
2020-06-14,New Haven,Inpatient COVID-positive census,63
2020-06-14,New London,Inpatient COVID-positive census,6
2020-06-14,Tolland,Inpatient COVID-positive census,0
2020-06-14,Windham,Inpatient COVID-positive census,0
2020-06-15,Fairfield,Inpatient COVID-positive census,70
2020-06-15,Hartford,Inpatient COVID-positive census,48
2020-06-15,Litchfield,Inpatient COVID-positive census,3
2020-06-15,Middlesex,Inpatient COVID-positive census,8
2020-06-15,New Haven,Inpatient COVID-positive census,64
2020-06-15,New London,Inpatient COVID-positive census,7
2020-06-15,Tolland,Inpatient COVID-positive census,0
2020-06-15,Windham,Inpatient COVID-positive census,1
2020-06-16,Fairfield,Inpatient COVID-positive census,68
2020-06-16,Hartford,Inpatient COVID-positive census,42
2020-06-16,Litchfield,Inpatient COVID-positive census,5
2020-06-16,Middlesex,Inpatient COVID-positive census,7
2020-06-16,New Haven,Inpatient COVID-positive census,60
2020-06-16,New London,Inpatient COVID-positive census,3
2020-06-16,Tolland,Inpatient COVID-positive census,0
2020-06-16,Windham,Inpatient COVID-positive census,1
2020-06-17,Fairfield,Inpatient COVID-positive census,64
2020-06-17,Hartford,Inpatient COVID-positive census,37
2020-06-17,Litchfield,Inpatient COVID-positive census,7
2020-06-17,Middlesex,Inpatient COVID-positive census,7
2020-06-17,New Haven,Inpatient COVID-positive census,56
2020-06-17,New London,Inpatient COVID-positive census,4
2020-06-17,Tolland,Inpatient COVID-positive census,0
2020-06-17,Windham,Inpatient COVID-positive census,1
2020-06-18,Fairfield,Inpatient COVID-positive census,66
2020-06-18,Hartford,Inpatient COVID-positive census,35
2020-06-18,Litchfield,Inpatient COVID-positive census,5
2020-06-18,Middlesex,Inpatient COVID-positive census,8
2020-06-18,New Haven,Inpatient COVID-positive census,52
2020-06-18,New London,Inpatient COVID-positive census,5
2020-06-18,Tolland,Inpatient COVID-positive census,0
2020-06-18,Windham,Inpatient COVID-positive census,1
2020-06-19,Fairfield,Inpatient COVID-positive census,53
2020-06-19,Hartford,Inpatient COVID-positive census,35
2020-06-19,Litchfield,Inpatient COVID-positive census,3
2020-06-19,Middlesex,Inpatient COVID-positive census,9
2020-06-19,New Haven,Inpatient COVID-positive census,46
2020-06-19,New London,Inpatient COVID-positive census,3
2020-06-19,Tolland,Inpatient COVID-positive census,0
2020-06-19,Windham,Inpatient COVID-positive census,1
2020-06-20,Fairfield,Inpatient COVID-positive census,53
2020-06-20,Hartford,Inpatient COVID-positive census,44
2020-06-20,Litchfield,Inpatient COVID-positive census,1
2020-06-20,Middlesex,Inpatient COVID-positive census,9
2020-06-20,New Haven,Inpatient COVID-positive census,37
2020-06-20,New London,Inpatient COVID-positive census,4
2020-06-20,Tolland,Inpatient COVID-positive census,0
2020-06-20,Windham,Inpatient COVID-positive census,1
2020-06-21,Fairfield,Inpatient COVID-positive census,51
2020-06-21,Hartford,Inpatient COVID-positive census,39
2020-06-21,Litchfield,Inpatient COVID-positive census,1
2020-06-21,Middlesex,Inpatient COVID-positive census,8
2020-06-21,New Haven,Inpatient COVID-positive census,37
2020-06-21,New London,Inpatient COVID-positive census,3
2020-06-21,Tolland,Inpatient COVID-positive census,0
2020-06-21,Windham,Inpatient COVID-positive census,1
2020-06-22,Fairfield,Inpatient COVID-positive census,46
2020-06-22,Hartford,Inpatient COVID-positive census,39
2020-06-22,Litchfield,Inpatient COVID-positive census,1
2020-06-22,Middlesex,Inpatient COVID-positive census,10
2020-06-22,New Haven,Inpatient COVID-positive census,38
2020-06-22,New London,Inpatient COVID-positive census,3
2020-06-22,Tolland,Inpatient COVID-positive census,0
2020-06-22,Windham,Inpatient COVID-positive census,1
2020-06-23,Fairfield,Inpatient COVID-positive census,47
2020-06-23,Hartford,Inpatient COVID-positive census,28
2020-06-23,Litchfield,Inpatient COVID-positive census,1
2020-06-23,Middlesex,Inpatient COVID-positive census,8
2020-06-23,New Haven,Inpatient COVID-positive census,37
2020-06-23,New London,Inpatient COVID-positive census,2
2020-06-23,Tolland,Inpatient COVID-positive census,0
2020-06-23,Windham,Inpatient COVID-positive census,1
2020-06-24,Fairfield,Inpatient COVID-positive census,46
2020-06-24,Hartford,Inpatient COVID-positive census,25
2020-06-24,Litchfield,Inpatient COVID-positive census,1
2020-06-24,Middlesex,Inpatient COVID-positive census,8
2020-06-24,New Haven,Inpatient COVID-positive census,39
2020-06-24,New London,Inpatient COVID-positive census,2
2020-06-24,Tolland,Inpatient COVID-positive census,0
2020-06-24,Windham,Inpatient COVID-positive census,1
2020-06-25,Fairfield,Inpatient COVID-positive census,46
2020-06-25,Hartford,Inpatient COVID-positive census,25
2020-06-25,Litchfield,Inpatient COVID-positive census,1
2020-06-25,Middlesex,Inpatient COVID-positive census,8
2020-06-25,New Haven,Inpatient COVID-positive census,45
2020-06-25,New London,Inpatient COVID-positive census,1
2020-06-25,Tolland,Inpatient COVID-positive census,0
2020-06-25,Windham,Inpatient COVID-positive census,1
2020-06-26,Fairfield,Inpatient COVID-positive census,35
2020-06-26,Hartford,Inpatient COVID-positive census,24
2020-06-26,Litchfield,Inpatient COVID-positive census,1
2020-06-26,Middlesex,Inpatient COVID-positive census,9
2020-06-26,New Haven,Inpatient COVID-positive census,35
2020-06-26,New London,Inpatient COVID-positive census,1
2020-06-26,Tolland,Inpatient COVID-positive census,0
2020-06-26,Windham,Inpatient COVID-positive census,1
2020-06-27,Fairfield,Inpatient COVID-positive census,32
2020-06-27,Hartford,Inpatient COVID-positive census,27
2020-06-27,Litchfield,Inpatient COVID-positive census,1
2020-06-27,Middlesex,Inpatient COVID-positive census,8
2020-06-27,New Haven,Inpatient COVID-positive census,33
2020-06-27,New London,Inpatient COVID-positive census,2
2020-06-27,Tolland,Inpatient COVID-positive census,0
2020-06-27,Windham,Inpatient COVID-positive census,0
2020-06-28,Fairfield,Inpatient COVID-positive census,32
2020-06-28,Hartford,Inpatient COVID-positive census,26
2020-06-28,Litchfield,Inpatient COVID-positive census,0
2020-06-28,Middlesex,Inpatient COVID-positive census,6
2020-06-28,New Haven,Inpatient COVID-positive census,33
2020-06-28,New London,Inpatient COVID-positive census,2
2020-06-28,Tolland,Inpatient COVID-positive census,0
2020-06-28,Windham,Inpatient COVID-positive census,0
2020-06-29,Fairfield,Inpatient COVID-positive census,37
2020-06-29,Hartford,Inpatient COVID-positive census,28
2020-06-29,Litchfield,Inpatient COVID-positive census,0
2020-06-29,Middlesex,Inpatient COVID-positive census,3
2020-06-29,New Haven,Inpatient COVID-positive census,27
2020-06-29,New London,Inpatient COVID-positive census,3
2020-06-29,Tolland,Inpatient COVID-positive census,0
2020-06-29,Windham,Inpatient COVID-positive census,0
2020-06-30,Fairfield,Inpatient COVID-positive census,31
2020-06-30,Hartford,Inpatient COVID-positive census,32
2020-06-30,Litchfield,Inpatient COVID-positive census,0
2020-06-30,Middlesex,Inpatient COVID-positive census,7
2020-06-30,New Haven,Inpatient COVID-positive census,28
2020-06-30,New London,Inpatient COVID-positive census,2
2020-06-30,Tolland,Inpatient COVID-positive census,0
2020-06-30,Windham,Inpatient COVID-positive census,0
2020-07-01,Fairfield,Inpatient COVID-positive census,31
2020-07-01,Hartford,Inpatient COVID-positive census,33
2020-07-01,Litchfield,Inpatient COVID-positive census,1
2020-07-01,Middlesex,Inpatient COVID-positive census,6
2020-07-01,New Haven,Inpatient COVID-positive census,28
2020-07-01,New London,Inpatient COVID-positive census,2
2020-07-01,Tolland,Inpatient COVID-positive census,0
2020-07-01,Windham,Inpatient COVID-positive census,0
2020-07-02,Fairfield,Inpatient COVID-positive census,31
2020-07-02,Hartford,Inpatient COVID-positive census,27
2020-07-02,Litchfield,Inpatient COVID-positive census,1
2020-07-02,Middlesex,Inpatient COVID-positive census,5
2020-07-02,New Haven,Inpatient COVID-positive census,27
2020-07-02,New London,Inpatient COVID-positive census,4
2020-07-02,Tolland,Inpatient COVID-positive census,0
2020-07-02,Windham,Inpatient COVID-positive census,0
2020-07-03,Fairfield,Inpatient COVID-positive census,29
2020-07-03,Hartford,Inpatient COVID-positive census,27
2020-07-03,Litchfield,Inpatient COVID-positive census,1
2020-07-03,Middlesex,Inpatient COVID-positive census,4
2020-07-03,New Haven,Inpatient COVID-positive census,23
2020-07-03,New London,Inpatient COVID-positive census,1
2020-07-03,Tolland,Inpatient COVID-positive census,0
2020-07-03,Windham,Inpatient COVID-positive census,1
2020-07-04,Fairfield,Inpatient COVID-positive census,30
2020-07-04,Hartford,Inpatient COVID-positive census,25
2020-07-04,Litchfield,Inpatient COVID-positive census,1
2020-07-04,Middlesex,Inpatient COVID-positive census,4
2020-07-04,New Haven,Inpatient COVID-positive census,19
2020-07-04,New London,Inpatient COVID-positive census,1
2020-07-04,Tolland,Inpatient COVID-positive census,0
2020-07-04,Windham,Inpatient COVID-positive census,1
2020-07-05,Fairfield,Inpatient COVID-positive census,25
2020-07-05,Hartford,Inpatient COVID-positive census,24
2020-07-05,Litchfield,Inpatient COVID-positive census,1
2020-07-05,Middlesex,Inpatient COVID-positive census,3
2020-07-05,New Haven,Inpatient COVID-positive census,14
2020-07-05,New London,Inpatient COVID-positive census,1
2020-07-05,Tolland,Inpatient COVID-positive census,0
2020-07-05,Windham,Inpatient COVID-positive census,1
2020-07-06,Fairfield,Inpatient COVID-positive census,26
2020-07-06,Hartford,Inpatient COVID-positive census,30
2020-07-06,Litchfield,Inpatient COVID-positive census,1
2020-07-06,Middlesex,Inpatient COVID-positive census,5
2020-07-06,New Haven,Inpatient COVID-positive census,18
2020-07-06,New London,Inpatient COVID-positive census,1
2020-07-06,Tolland,Inpatient COVID-positive census,0
2020-07-06,Windham,Inpatient COVID-positive census,2
2020-07-07,Fairfield,Inpatient COVID-positive census,34
2020-07-07,Hartford,Inpatient COVID-positive census,29
2020-07-07,Litchfield,Inpatient COVID-positive census,0
2020-07-07,Middlesex,Inpatient COVID-positive census,8
2020-07-07,New Haven,Inpatient COVID-positive census,13
2020-07-07,New London,Inpatient COVID-positive census,3
2020-07-07,Tolland,Inpatient COVID-positive census,0
2020-07-07,Windham,Inpatient COVID-positive census,1
2020-07-08,Fairfield,Inpatient COVID-positive census,32
2020-07-08,Hartford,Inpatient COVID-positive census,31
2020-07-08,Litchfield,Inpatient COVID-positive census,1
2020-07-08,Middlesex,Inpatient COVID-positive census,6
2020-07-08,New Haven,Inpatient COVID-positive census,17
2020-07-08,New London,Inpatient COVID-positive census,3
2020-07-08,Tolland,Inpatient COVID-positive census,0
2020-07-08,Windham,Inpatient COVID-positive census,0
2020-07-09,Fairfield,Inpatient COVID-positive census,25
2020-07-09,Hartford,Inpatient COVID-positive census,28
2020-07-09,Litchfield,Inpatient COVID-positive census,1
2020-07-09,Middlesex,Inpatient COVID-positive census,5
2020-07-09,New Haven,Inpatient COVID-positive census,15
2020-07-09,New London,Inpatient COVID-positive census,3
2020-07-09,Tolland,Inpatient COVID-positive census,0
2020-07-09,Windham,Inpatient COVID-positive census,0
2020-07-10,Fairfield,Inpatient COVID-positive census,23
2020-07-10,Hartford,Inpatient COVID-positive census,23
2020-07-10,Litchfield,Inpatient COVID-positive census,0
2020-07-10,Middlesex,Inpatient COVID-positive census,5
2020-07-10,New Haven,Inpatient COVID-positive census,14
2020-07-10,New London,Inpatient COVID-positive census,3
2020-07-10,Tolland,Inpatient COVID-positive census,0
2020-07-10,Windham,Inpatient COVID-positive census,0
2020-07-11,Fairfield,Inpatient COVID-positive census,24
2020-07-11,Hartford,Inpatient COVID-positive census,16
2020-07-11,Litchfield,Inpatient COVID-positive census,2
2020-07-11,Middlesex,Inpatient COVID-positive census,5
2020-07-11,New Haven,Inpatient COVID-positive census,19
2020-07-11,New London,Inpatient COVID-positive census,3
2020-07-11,Tolland,Inpatient COVID-positive census,0
2020-07-11,Windham,Inpatient COVID-positive census,0
2020-07-12,Fairfield,Inpatient COVID-positive census,23
2020-07-12,Hartford,Inpatient COVID-positive census,18
2020-07-12,Litchfield,Inpatient COVID-positive census,1
2020-07-12,Middlesex,Inpatient COVID-positive census,5
2020-07-12,New Haven,Inpatient COVID-positive census,23
2020-07-12,New London,Inpatient COVID-positive census,4
2020-07-12,Tolland,Inpatient COVID-positive census,0
2020-07-12,Windham,Inpatient COVID-positive census,0
2020-07-13,Fairfield,Inpatient COVID-positive census,22
2020-07-13,Hartford,Inpatient COVID-positive census,18
2020-07-13,Litchfield,Inpatient COVID-positive census,1
2020-07-13,Middlesex,Inpatient COVID-positive census,2
2020-07-13,New Haven,Inpatient COVID-positive census,20
2020-07-13,New London,Inpatient COVID-positive census,3
2020-07-13,Tolland,Inpatient COVID-positive census,0
2020-07-13,Windham,Inpatient COVID-positive census,0
2020-07-14,Fairfield,Inpatient COVID-positive census,18
2020-07-14,Hartford,Inpatient COVID-positive census,20
2020-07-14,Litchfield,Inpatient COVID-positive census,0
2020-07-14,Middlesex,Inpatient COVID-positive census,4
2020-07-14,New Haven,Inpatient COVID-positive census,22
2020-07-14,New London,Inpatient COVID-positive census,3
2020-07-14,Tolland,Inpatient COVID-positive census,0
2020-07-14,Windham,Inpatient COVID-positive census,0
2020-07-15,Fairfield,Inpatient COVID-positive census,20
2020-07-15,Hartford,Inpatient COVID-positive census,20
2020-07-15,Litchfield,Inpatient COVID-positive census,0
2020-07-15,Middlesex,Inpatient COVID-positive census,3
2020-07-15,New Haven,Inpatient COVID-positive census,19
2020-07-15,New London,Inpatient COVID-positive census,4
2020-07-15,Tolland,Inpatient COVID-positive census,0
2020-07-15,Windham,Inpatient COVID-positive census,0
2020-07-16,Fairfield,Inpatient COVID-positive census,21
2020-07-16,Hartford,Inpatient COVID-positive census,19
2020-07-16,Litchfield,Inpatient COVID-positive census,0
2020-07-16,Middlesex,Inpatient COVID-positive census,3
2020-07-16,New Haven,Inpatient COVID-positive census,20
2020-07-16,New London,Inpatient COVID-positive census,3
2020-07-16,Tolland,Inpatient COVID-positive census,0
2020-07-16,Windham,Inpatient COVID-positive census,0
2020-07-17,Fairfield,Inpatient COVID-positive census,18
2020-07-17,Hartford,Inpatient COVID-positive census,17
2020-07-17,Litchfield,Inpatient COVID-positive census,0
2020-07-17,Middlesex,Inpatient COVID-positive census,3
2020-07-17,New Haven,Inpatient COVID-positive census,20
2020-07-17,New London,Inpatient COVID-positive census,2
2020-07-17,Tolland,Inpatient COVID-positive census,0
2020-07-17,Windham,Inpatient COVID-positive census,0
2020-07-18,Fairfield,Inpatient COVID-positive census,20
2020-07-18,Hartford,Inpatient COVID-positive census,18
2020-07-18,Litchfield,Inpatient COVID-positive census,0
2020-07-18,Middlesex,Inpatient COVID-positive census,3
2020-07-18,New Haven,Inpatient COVID-positive census,15
2020-07-18,New London,Inpatient COVID-positive census,1
2020-07-18,Tolland,Inpatient COVID-positive census,0
2020-07-18,Windham,Inpatient COVID-positive census,0
2020-07-19,Fairfield,Inpatient COVID-positive census,22
2020-07-19,Hartford,Inpatient COVID-positive census,14
2020-07-19,Litchfield,Inpatient COVID-positive census,0
2020-07-19,Middlesex,Inpatient COVID-positive census,3
2020-07-19,New Haven,Inpatient COVID-positive census,14
2020-07-19,New London,Inpatient COVID-positive census,1
2020-07-19,Tolland,Inpatient COVID-positive census,0
2020-07-19,Windham,Inpatient COVID-positive census,0
2020-07-20,Fairfield,Inpatient COVID-positive census,20
2020-07-20,Hartford,Inpatient COVID-positive census,18
2020-07-20,Litchfield,Inpatient COVID-positive census,1
2020-07-20,Middlesex,Inpatient COVID-positive census,4
2020-07-20,New Haven,Inpatient COVID-positive census,18
2020-07-20,New London,Inpatient COVID-positive census,1
2020-07-20,Tolland,Inpatient COVID-positive census,0
2020-07-20,Windham,Inpatient COVID-positive census,0
2020-07-21,Fairfield,Inpatient COVID-positive census,22
2020-07-21,Hartford,Inpatient COVID-positive census,17
2020-07-21,Litchfield,Inpatient COVID-positive census,2
2020-07-21,Middlesex,Inpatient COVID-positive census,2
2020-07-21,New Haven,Inpatient COVID-positive census,18
2020-07-21,New London,Inpatient COVID-positive census,1
2020-07-21,Tolland,Inpatient COVID-positive census,0
2020-07-21,Windham,Inpatient COVID-positive census,1
2020-07-22,Fairfield,Inpatient COVID-positive census,26
2020-07-22,Hartford,Inpatient COVID-positive census,17
2020-07-22,Litchfield,Inpatient COVID-positive census,2
2020-07-22,Middlesex,Inpatient COVID-positive census,2
2020-07-22,New Haven,Inpatient COVID-positive census,23
2020-07-22,New London,Inpatient COVID-positive census,1
2020-07-22,Tolland,Inpatient COVID-positive census,0
2020-07-22,Windham,Inpatient COVID-positive census,1
2020-07-23,Fairfield,Inpatient COVID-positive census,23
2020-07-23,Hartford,Inpatient COVID-positive census,19
2020-07-23,Litchfield,Inpatient COVID-positive census,0
2020-07-23,Middlesex,Inpatient COVID-positive census,3
2020-07-23,New Haven,Inpatient COVID-positive census,25
2020-07-23,New London,Inpatient COVID-positive census,0
2020-07-23,Tolland,Inpatient COVID-positive census,0
2020-07-23,Windham,Inpatient COVID-positive census,1
2020-07-24,Fairfield,Inpatient COVID-positive census,21
2020-07-24,Hartford,Inpatient COVID-positive census,19
2020-07-24,Litchfield,Inpatient COVID-positive census,0
2020-07-24,Middlesex,Inpatient COVID-positive census,2
2020-07-24,New Haven,Inpatient COVID-positive census,23
2020-07-24,New London,Inpatient COVID-positive census,0
2020-07-24,Tolland,Inpatient COVID-positive census,0
2020-07-24,Windham,Inpatient COVID-positive census,1
2020-07-25,Fairfield,Inpatient COVID-positive census,22
2020-07-25,Hartford,Inpatient COVID-positive census,21
2020-07-25,Litchfield,Inpatient COVID-positive census,1
2020-07-25,Middlesex,Inpatient COVID-positive census,4
2020-07-25,New Haven,Inpatient COVID-positive census,22
2020-07-25,New London,Inpatient COVID-positive census,0
2020-07-25,Tolland,Inpatient COVID-positive census,0
2020-07-25,Windham,Inpatient COVID-positive census,1
2020-07-26,Fairfield,Inpatient COVID-positive census,19
2020-07-26,Hartford,Inpatient COVID-positive census,14
2020-07-26,Litchfield,Inpatient COVID-positive census,0
2020-07-26,Middlesex,Inpatient COVID-positive census,6
2020-07-26,New Haven,Inpatient COVID-positive census,19
2020-07-26,New London,Inpatient COVID-positive census,0
2020-07-26,Tolland,Inpatient COVID-positive census,0
2020-07-26,Windham,Inpatient COVID-positive census,1
2020-07-27,Fairfield,Inpatient COVID-positive census,18
2020-07-27,Hartford,Inpatient COVID-positive census,12
2020-07-27,Litchfield,Inpatient COVID-positive census,1
2020-07-27,Middlesex,Inpatient COVID-positive census,3
2020-07-27,New Haven,Inpatient COVID-positive census,18
2020-07-27,New London,Inpatient COVID-positive census,0
2020-07-27,Tolland,Inpatient COVID-positive census,0
2020-07-27,Windham,Inpatient COVID-positive census,2
2020-07-28,Fairfield,Inpatient COVID-positive census,19
2020-07-28,Hartford,Inpatient COVID-positive census,14
2020-07-28,Litchfield,Inpatient COVID-positive census,2
2020-07-28,Middlesex,Inpatient COVID-positive census,4
2020-07-28,New Haven,Inpatient COVID-positive census,12
2020-07-28,New London,Inpatient COVID-positive census,1
2020-07-28,Tolland,Inpatient COVID-positive census,0
2020-07-28,Windham,Inpatient COVID-positive census,1
2020-07-29,Fairfield,Inpatient COVID-positive census,27
2020-07-29,Hartford,Inpatient COVID-positive census,15
2020-07-29,Litchfield,Inpatient COVID-positive census,1
2020-07-29,Middlesex,Inpatient COVID-positive census,4
2020-07-29,New Haven,Inpatient COVID-positive census,18
2020-07-29,New London,Inpatient COVID-positive census,1
2020-07-29,Tolland,Inpatient COVID-positive census,0
2020-07-29,Windham,Inpatient COVID-positive census,0
2020-07-30,Fairfield,Inpatient COVID-positive census,28
2020-07-30,Hartford,Inpatient COVID-positive census,12
2020-07-30,Litchfield,Inpatient COVID-positive census,3
2020-07-30,Middlesex,Inpatient COVID-positive census,5
2020-07-30,New Haven,Inpatient COVID-positive census,19
2020-07-30,New London,Inpatient COVID-positive census,2
2020-07-30,Tolland,Inpatient COVID-positive census,0
2020-07-30,Windham,Inpatient COVID-positive census,0
2020-07-31,Fairfield,Inpatient COVID-positive census,23
2020-07-31,Hartford,Inpatient COVID-positive census,12
2020-07-31,Litchfield,Inpatient COVID-positive census,4
2020-07-31,Middlesex,Inpatient COVID-positive census,5
2020-07-31,New Haven,Inpatient COVID-positive census,25
2020-07-31,New London,Inpatient COVID-positive census,2
2020-07-31,Tolland,Inpatient COVID-positive census,0
2020-07-31,Windham,Inpatient COVID-positive census,1
2020-08-01,Fairfield,Inpatient COVID-positive census,17
2020-08-01,Hartford,Inpatient COVID-positive census,12
2020-08-01,Litchfield,Inpatient COVID-positive census,2
2020-08-01,Middlesex,Inpatient COVID-positive census,2
2020-08-01,New Haven,Inpatient COVID-positive census,25
2020-08-01,New London,Inpatient COVID-positive census,2
2020-08-01,Tolland,Inpatient COVID-positive census,0
2020-08-01,Windham,Inpatient COVID-positive census,1
2020-08-02,Fairfield,Inpatient COVID-positive census,13
2020-08-02,Hartford,Inpatient COVID-positive census,13
2020-08-02,Litchfield,Inpatient COVID-positive census,1
2020-08-02,Middlesex,Inpatient COVID-positive census,3
2020-08-02,New Haven,Inpatient COVID-positive census,23
2020-08-02,New London,Inpatient COVID-positive census,2
2020-08-02,Tolland,Inpatient COVID-positive census,0
2020-08-02,Windham,Inpatient COVID-positive census,1
2020-08-03,Fairfield,Inpatient COVID-positive census,15
2020-08-03,Hartford,Inpatient COVID-positive census,14
2020-08-03,Litchfield,Inpatient COVID-positive census,1
2020-08-03,Middlesex,Inpatient COVID-positive census,4
2020-08-03,New Haven,Inpatient COVID-positive census,23
2020-08-03,New London,Inpatient COVID-positive census,2
2020-08-03,Tolland,Inpatient COVID-positive census,0
2020-08-03,Windham,Inpatient COVID-positive census,1
2020-08-04,Fairfield,Inpatient COVID-positive census,9
2020-08-04,Hartford,Inpatient COVID-positive census,18
2020-08-04,Litchfield,Inpatient COVID-positive census,1
2020-08-04,Middlesex,Inpatient COVID-positive census,4
2020-08-04,New Haven,Inpatient COVID-positive census,21
2020-08-04,New London,Inpatient COVID-positive census,5
2020-08-04,Tolland,Inpatient COVID-positive census,0
2020-08-04,Windham,Inpatient COVID-positive census,1
2020-08-05,Fairfield,Inpatient COVID-positive census,14
2020-08-05,Hartford,Inpatient COVID-positive census,20
2020-08-05,Litchfield,Inpatient COVID-positive census,1
2020-08-05,Middlesex,Inpatient COVID-positive census,7
2020-08-05,New Haven,Inpatient COVID-positive census,20
2020-08-05,New London,Inpatient COVID-positive census,4
2020-08-05,Tolland,Inpatient COVID-positive census,0
2020-08-05,Windham,Inpatient COVID-positive census,0
2020-08-06,Fairfield,Inpatient COVID-positive census,12
2020-08-06,Hartford,Inpatient COVID-positive census,18
2020-08-06,Litchfield,Inpatient COVID-positive census,1
2020-08-06,Middlesex,Inpatient COVID-positive census,6
2020-08-06,New Haven,Inpatient COVID-positive census,22
2020-08-06,New London,Inpatient COVID-positive census,6
2020-08-06,Tolland,Inpatient COVID-positive census,0
2020-08-06,Windham,Inpatient COVID-positive census,0
2020-08-07,Fairfield,Inpatient COVID-positive census,13
2020-08-07,Hartford,Inpatient COVID-positive census,17
2020-08-07,Litchfield,Inpatient COVID-positive census,1
2020-08-07,Middlesex,Inpatient COVID-positive census,7
2020-08-07,New Haven,Inpatient COVID-positive census,18
2020-08-07,New London,Inpatient COVID-positive census,3
2020-08-07,Tolland,Inpatient COVID-positive census,0
2020-08-07,Windham,Inpatient COVID-positive census,0
2020-08-08,Fairfield,Inpatient COVID-positive census,18
2020-08-08,Hartford,Inpatient COVID-positive census,13
2020-08-08,Litchfield,Inpatient COVID-positive census,1
2020-08-08,Middlesex,Inpatient COVID-positive census,10
2020-08-08,New Haven,Inpatient COVID-positive census,20
2020-08-08,New London,Inpatient COVID-positive census,2
2020-08-08,Tolland,Inpatient COVID-positive census,0
2020-08-08,Windham,Inpatient COVID-positive census,0
2020-08-09,Fairfield,Inpatient COVID-positive census,21
2020-08-09,Hartford,Inpatient COVID-positive census,13
2020-08-09,Litchfield,Inpatient COVID-positive census,1
2020-08-09,Middlesex,Inpatient COVID-positive census,10
2020-08-09,New Haven,Inpatient COVID-positive census,17
2020-08-09,New London,Inpatient COVID-positive census,2
2020-08-09,Tolland,Inpatient COVID-positive census,0
2020-08-09,Windham,Inpatient COVID-positive census,0
2020-08-10,Fairfield,Inpatient COVID-positive census,24
2020-08-10,Hartford,Inpatient COVID-positive census,14
2020-08-10,Litchfield,Inpatient COVID-positive census,1
2020-08-10,Middlesex,Inpatient COVID-positive census,8
2020-08-10,New Haven,Inpatient COVID-positive census,20
2020-08-10,New London,Inpatient COVID-positive census,3
2020-08-10,Tolland,Inpatient COVID-positive census,0
2020-08-10,Windham,Inpatient COVID-positive census,0
2020-08-11,Fairfield,Inpatient COVID-positive census,18
2020-08-11,Hartford,Inpatient COVID-positive census,15
2020-08-11,Litchfield,Inpatient COVID-positive census,0
2020-08-11,Middlesex,Inpatient COVID-positive census,8
2020-08-11,New Haven,Inpatient COVID-positive census,14
2020-08-11,New London,Inpatient COVID-positive census,3
2020-08-11,Tolland,Inpatient COVID-positive census,0
2020-08-11,Windham,Inpatient COVID-positive census,0
2020-08-12,Fairfield,Inpatient COVID-positive census,21
2020-08-12,Hartford,Inpatient COVID-positive census,16
2020-08-12,Litchfield,Inpatient COVID-positive census,0
2020-08-12,Middlesex,Inpatient COVID-positive census,8
2020-08-12,New Haven,Inpatient COVID-positive census,16
2020-08-12,New London,Inpatient COVID-positive census,2
2020-08-12,Tolland,Inpatient COVID-positive census,0
2020-08-12,Windham,Inpatient COVID-positive census,0
2020-08-13,Fairfield,Inpatient COVID-positive census,17
2020-08-13,Hartford,Inpatient COVID-positive census,14
2020-08-13,Litchfield,Inpatient COVID-positive census,0
2020-08-13,Middlesex,Inpatient COVID-positive census,6
2020-08-13,New Haven,Inpatient COVID-positive census,17
2020-08-13,New London,Inpatient COVID-positive census,2
2020-08-13,Tolland,Inpatient COVID-positive census,0
2020-08-13,Windham,Inpatient COVID-positive census,0
2020-08-14,Fairfield,Inpatient COVID-positive census,16
2020-08-14,Hartford,Inpatient COVID-positive census,9
2020-08-14,Litchfield,Inpatient COVID-positive census,0
2020-08-14,Middlesex,Inpatient COVID-positive census,6
2020-08-14,New Haven,Inpatient COVID-positive census,13
2020-08-14,New London,Inpatient COVID-positive census,3
2020-08-14,Tolland,Inpatient COVID-positive census,0
2020-08-14,Windham,Inpatient COVID-positive census,0
2020-08-15,Fairfield,Inpatient COVID-positive census,12
2020-08-15,Hartford,Inpatient COVID-positive census,11
2020-08-15,Litchfield,Inpatient COVID-positive census,0
2020-08-15,Middlesex,Inpatient COVID-positive census,4
2020-08-15,New Haven,Inpatient COVID-positive census,17
2020-08-15,New London,Inpatient COVID-positive census,3
2020-08-15,Tolland,Inpatient COVID-positive census,0
2020-08-15,Windham,Inpatient COVID-positive census,0
2020-08-16,Fairfield,Inpatient COVID-positive census,11
2020-08-16,Hartford,Inpatient COVID-positive census,7
2020-08-16,Litchfield,Inpatient COVID-positive census,0
2020-08-16,Middlesex,Inpatient COVID-positive census,4
2020-08-16,New Haven,Inpatient COVID-positive census,18
2020-08-16,New London,Inpatient COVID-positive census,2
2020-08-16,Tolland,Inpatient COVID-positive census,0
2020-08-16,Windham,Inpatient COVID-positive census,0
2020-08-17,Fairfield,Inpatient COVID-positive census,14
2020-08-17,Hartford,Inpatient COVID-positive census,9
2020-08-17,Litchfield,Inpatient COVID-positive census,0
2020-08-17,Middlesex,Inpatient COVID-positive census,4
2020-08-17,New Haven,Inpatient COVID-positive census,18
2020-08-17,New London,Inpatient COVID-positive census,2
2020-08-17,Tolland,Inpatient COVID-positive census,0
2020-08-17,Windham,Inpatient COVID-positive census,0
2020-08-18,Fairfield,Inpatient COVID-positive census,12
2020-08-18,Hartford,Inpatient COVID-positive census,9
2020-08-18,Litchfield,Inpatient COVID-positive census,0
2020-08-18,Middlesex,Inpatient COVID-positive census,4
2020-08-18,New Haven,Inpatient COVID-positive census,21
2020-08-18,New London,Inpatient COVID-positive census,3
2020-08-18,Tolland,Inpatient COVID-positive census,0
2020-08-18,Windham,Inpatient COVID-positive census,0
2020-08-19,Fairfield,Inpatient COVID-positive census,11
2020-08-19,Hartford,Inpatient COVID-positive census,9
2020-08-19,Litchfield,Inpatient COVID-positive census,0
2020-08-19,Middlesex,Inpatient COVID-positive census,5
2020-08-19,New Haven,Inpatient COVID-positive census,20
2020-08-19,New London,Inpatient COVID-positive census,2
2020-08-19,Tolland,Inpatient COVID-positive census,0
2020-08-19,Windham,Inpatient COVID-positive census,0
2020-08-20,Fairfield,Inpatient COVID-positive census,12
2020-08-20,Hartford,Inpatient COVID-positive census,14
2020-08-20,Litchfield,Inpatient COVID-positive census,0
2020-08-20,Middlesex,Inpatient COVID-positive census,5
2020-08-20,New Haven,Inpatient COVID-positive census,20
2020-08-20,New London,Inpatient COVID-positive census,3
2020-08-20,Tolland,Inpatient COVID-positive census,0
2020-08-20,Windham,Inpatient COVID-positive census,0
2020-08-21,Fairfield,Inpatient COVID-positive census,14
2020-08-21,Hartford,Inpatient COVID-positive census,19
2020-08-21,Litchfield,Inpatient COVID-positive census,0
2020-08-21,Middlesex,Inpatient COVID-positive census,6
2020-08-21,New Haven,Inpatient COVID-positive census,22
2020-08-21,New London,Inpatient COVID-positive census,2
2020-08-21,Tolland,Inpatient COVID-positive census,0
2020-08-21,Windham,Inpatient COVID-positive census,0
2020-08-22,Fairfield,Inpatient COVID-positive census,11
2020-08-22,Hartford,Inpatient COVID-positive census,13
2020-08-22,Litchfield,Inpatient COVID-positive census,0
2020-08-22,Middlesex,Inpatient COVID-positive census,4
2020-08-22,New Haven,Inpatient COVID-positive census,18
2020-08-22,New London,Inpatient COVID-positive census,3
2020-08-22,Tolland,Inpatient COVID-positive census,0
2020-08-22,Windham,Inpatient COVID-positive census,0
2020-08-23,Fairfield,Inpatient COVID-positive census,12
2020-08-23,Hartford,Inpatient COVID-positive census,14
2020-08-23,Litchfield,Inpatient COVID-positive census,0
2020-08-23,Middlesex,Inpatient COVID-positive census,5
2020-08-23,New Haven,Inpatient COVID-positive census,22
2020-08-23,New London,Inpatient COVID-positive census,4
2020-08-23,Tolland,Inpatient COVID-positive census,0
2020-08-23,Windham,Inpatient COVID-positive census,0
2020-08-24,Fairfield,Inpatient COVID-positive census,15
2020-08-24,Hartford,Inpatient COVID-positive census,15
2020-08-24,Litchfield,Inpatient COVID-positive census,0
2020-08-24,Middlesex,Inpatient COVID-positive census,5
2020-08-24,New Haven,Inpatient COVID-positive census,20
2020-08-24,New London,Inpatient COVID-positive census,4
2020-08-24,Tolland,Inpatient COVID-positive census,0
2020-08-24,Windham,Inpatient COVID-positive census,0
2020-08-25,Fairfield,Inpatient COVID-positive census,16
2020-08-25,Hartford,Inpatient COVID-positive census,15
2020-08-25,Litchfield,Inpatient COVID-positive census,0
2020-08-25,Middlesex,Inpatient COVID-positive census,4
2020-08-25,New Haven,Inpatient COVID-positive census,19
2020-08-25,New London,Inpatient COVID-positive census,3
2020-08-25,Tolland,Inpatient COVID-positive census,0
2020-08-25,Windham,Inpatient COVID-positive census,0
2020-08-26,Fairfield,Inpatient COVID-positive census,15
2020-08-26,Hartford,Inpatient COVID-positive census,14
2020-08-26,Litchfield,Inpatient COVID-positive census,0
2020-08-26,Middlesex,Inpatient COVID-positive census,2
2020-08-26,New Haven,Inpatient COVID-positive census,21
2020-08-26,New London,Inpatient COVID-positive census,4
2020-08-26,Tolland,Inpatient COVID-positive census,0
2020-08-26,Windham,Inpatient COVID-positive census,0
2020-08-27,Fairfield,Inpatient COVID-positive census,14
2020-08-27,Hartford,Inpatient COVID-positive census,17
2020-08-27,Litchfield,Inpatient COVID-positive census,1
2020-08-27,Middlesex,Inpatient COVID-positive census,2
2020-08-27,New Haven,Inpatient COVID-positive census,22
2020-08-27,New London,Inpatient COVID-positive census,3
2020-08-27,Tolland,Inpatient COVID-positive census,0
2020-08-27,Windham,Inpatient COVID-positive census,1
2020-08-28,Fairfield,Inpatient COVID-positive census,14
2020-08-28,Hartford,Inpatient COVID-positive census,15
2020-08-28,Litchfield,Inpatient COVID-positive census,1
2020-08-28,Middlesex,Inpatient COVID-positive census,3
2020-08-28,New Haven,Inpatient COVID-positive census,15
2020-08-28,New London,Inpatient COVID-positive census,3
2020-08-28,Tolland,Inpatient COVID-positive census,0
2020-08-28,Windham,Inpatient COVID-positive census,0
2020-08-29,Fairfield,Inpatient COVID-positive census,15
2020-08-29,Hartford,Inpatient COVID-positive census,14
2020-08-29,Litchfield,Inpatient COVID-positive census,1
2020-08-29,Middlesex,Inpatient COVID-positive census,4
2020-08-29,New Haven,Inpatient COVID-positive census,14
2020-08-29,New London,Inpatient COVID-positive census,3
2020-08-29,Tolland,Inpatient COVID-positive census,0
2020-08-29,Windham,Inpatient COVID-positive census,0
2020-08-30,Fairfield,Inpatient COVID-positive census,14
2020-08-30,Hartford,Inpatient COVID-positive census,13
2020-08-30,Litchfield,Inpatient COVID-positive census,1
2020-08-30,Middlesex,Inpatient COVID-positive census,4
2020-08-30,New Haven,Inpatient COVID-positive census,16
2020-08-30,New London,Inpatient COVID-positive census,4
2020-08-30,Tolland,Inpatient COVID-positive census,0
2020-08-30,Windham,Inpatient COVID-positive census,0
2020-08-31,Fairfield,Inpatient COVID-positive census,13
2020-08-31,Hartford,Inpatient COVID-positive census,15
2020-08-31,Litchfield,Inpatient COVID-positive census,1
2020-08-31,Middlesex,Inpatient COVID-positive census,5
2020-08-31,New Haven,Inpatient COVID-positive census,17
2020-08-31,New London,Inpatient COVID-positive census,4
2020-08-31,Tolland,Inpatient COVID-positive census,0
2020-08-31,Windham,Inpatient COVID-positive census,1
2020-09-01,Fairfield,Inpatient COVID-positive census,16
2020-09-01,Hartford,Inpatient COVID-positive census,14
2020-09-01,Litchfield,Inpatient COVID-positive census,2
2020-09-01,Middlesex,Inpatient COVID-positive census,5
2020-09-01,New Haven,Inpatient COVID-positive census,22
2020-09-01,New London,Inpatient COVID-positive census,6
2020-09-01,Tolland,Inpatient COVID-positive census,0
2020-09-01,Windham,Inpatient COVID-positive census,0
2020-09-02,Fairfield,Inpatient COVID-positive census,16
2020-09-02,Hartford,Inpatient COVID-positive census,16
2020-09-02,Litchfield,Inpatient COVID-positive census,3
2020-09-02,Middlesex,Inpatient COVID-positive census,5
2020-09-02,New Haven,Inpatient COVID-positive census,18
2020-09-02,New London,Inpatient COVID-positive census,7
2020-09-02,Tolland,Inpatient COVID-positive census,0
2020-09-02,Windham,Inpatient COVID-positive census,0
2020-09-03,Fairfield,Inpatient COVID-positive census,14
2020-09-03,Hartford,Inpatient COVID-positive census,15
2020-09-03,Litchfield,Inpatient COVID-positive census,2
2020-09-03,Middlesex,Inpatient COVID-positive census,6
2020-09-03,New Haven,Inpatient COVID-positive census,14
2020-09-03,New London,Inpatient COVID-positive census,7
2020-09-03,Tolland,Inpatient COVID-positive census,0
2020-09-03,Windham,Inpatient COVID-positive census,0
2020-09-04,Fairfield,Inpatient COVID-positive census,11
2020-09-04,Hartford,Inpatient COVID-positive census,15
2020-09-04,Litchfield,Inpatient COVID-positive census,3
2020-09-04,Middlesex,Inpatient COVID-positive census,4
2020-09-04,New Haven,Inpatient COVID-positive census,13
2020-09-04,New London,Inpatient COVID-positive census,7
2020-09-04,Tolland,Inpatient COVID-positive census,0
2020-09-04,Windham,Inpatient COVID-positive census,0
2020-09-05,Fairfield,Inpatient COVID-positive census,15
2020-09-05,Hartford,Inpatient COVID-positive census,19
2020-09-05,Litchfield,Inpatient COVID-positive census,6
2020-09-05,Middlesex,Inpatient COVID-positive census,2
2020-09-05,New Haven,Inpatient COVID-positive census,15
2020-09-05,New London,Inpatient COVID-positive census,7
2020-09-05,Tolland,Inpatient COVID-positive census,0
2020-09-05,Windham,Inpatient COVID-positive census,0
2020-09-06,Fairfield,Inpatient COVID-positive census,11
2020-09-06,Hartford,Inpatient COVID-positive census,14
2020-09-06,Litchfield,Inpatient COVID-positive census,4
2020-09-06,Middlesex,Inpatient COVID-positive census,2
2020-09-06,New Haven,Inpatient COVID-positive census,14
2020-09-06,New London,Inpatient COVID-positive census,7
2020-09-06,Tolland,Inpatient COVID-positive census,0
2020-09-06,Windham,Inpatient COVID-positive census,0
2020-09-07,Fairfield,Inpatient COVID-positive census,8
2020-09-07,Hartford,Inpatient COVID-positive census,16
2020-09-07,Litchfield,Inpatient COVID-positive census,4
2020-09-07,Middlesex,Inpatient COVID-positive census,2
2020-09-07,New Haven,Inpatient COVID-positive census,14
2020-09-07,New London,Inpatient COVID-positive census,6
2020-09-07,Tolland,Inpatient COVID-positive census,0
2020-09-07,Windham,Inpatient COVID-positive census,0
2020-09-08,Fairfield,Inpatient COVID-positive census,9
2020-09-08,Hartford,Inpatient COVID-positive census,20
2020-09-08,Litchfield,Inpatient COVID-positive census,5
2020-09-08,Middlesex,Inpatient COVID-positive census,2
2020-09-08,New Haven,Inpatient COVID-positive census,15
2020-09-08,New London,Inpatient COVID-positive census,6
2020-09-08,Tolland,Inpatient COVID-positive census,0
2020-09-08,Windham,Inpatient COVID-positive census,0
2020-09-09,Fairfield,Inpatient COVID-positive census,9
2020-09-09,Hartford,Inpatient COVID-positive census,15
2020-09-09,Litchfield,Inpatient COVID-positive census,5
2020-09-09,Middlesex,Inpatient COVID-positive census,1
2020-09-09,New Haven,Inpatient COVID-positive census,14
2020-09-09,New London,Inpatient COVID-positive census,8
2020-09-09,Tolland,Inpatient COVID-positive census,0
2020-09-09,Windham,Inpatient COVID-positive census,0
2020-09-10,Fairfield,Inpatient COVID-positive census,11
2020-09-10,Hartford,Inpatient COVID-positive census,16
2020-09-10,Litchfield,Inpatient COVID-positive census,4
2020-09-10,Middlesex,Inpatient COVID-positive census,1
2020-09-10,New Haven,Inpatient COVID-positive census,13
2020-09-10,New London,Inpatient COVID-positive census,6
2020-09-10,Tolland,Inpatient COVID-positive census,0
2020-09-10,Windham,Inpatient COVID-positive census,0
2020-09-11,Fairfield,Inpatient COVID-positive census,17
2020-09-11,Hartford,Inpatient COVID-positive census,17
2020-09-11,Litchfield,Inpatient COVID-positive census,2
2020-09-11,Middlesex,Inpatient COVID-positive census,2
2020-09-11,New Haven,Inpatient COVID-positive census,16
2020-09-11,New London,Inpatient COVID-positive census,5
2020-09-11,Tolland,Inpatient COVID-positive census,0
2020-09-11,Windham,Inpatient COVID-positive census,0
2020-09-12,Fairfield,Inpatient COVID-positive census,13
2020-09-12,Hartford,Inpatient COVID-positive census,22
2020-09-12,Litchfield,Inpatient COVID-positive census,4
2020-09-12,Middlesex,Inpatient COVID-positive census,2
2020-09-12,New Haven,Inpatient COVID-positive census,17
2020-09-12,New London,Inpatient COVID-positive census,5
2020-09-12,Tolland,Inpatient COVID-positive census,0
2020-09-12,Windham,Inpatient COVID-positive census,0
2020-09-13,Fairfield,Inpatient COVID-positive census,15
2020-09-13,Hartford,Inpatient COVID-positive census,22
2020-09-13,Litchfield,Inpatient COVID-positive census,3
2020-09-13,Middlesex,Inpatient COVID-positive census,2
2020-09-13,New Haven,Inpatient COVID-positive census,16
2020-09-13,New London,Inpatient COVID-positive census,5
2020-09-13,Tolland,Inpatient COVID-positive census,0
2020-09-13,Windham,Inpatient COVID-positive census,1
2020-09-14,Fairfield,Inpatient COVID-positive census,12
2020-09-14,Hartford,Inpatient COVID-positive census,28
2020-09-14,Litchfield,Inpatient COVID-positive census,2
2020-09-14,Middlesex,Inpatient COVID-positive census,2
2020-09-14,New Haven,Inpatient COVID-positive census,22
2020-09-14,New London,Inpatient COVID-positive census,4
2020-09-14,Tolland,Inpatient COVID-positive census,0
2020-09-14,Windham,Inpatient COVID-positive census,1
2020-09-15,Fairfield,Inpatient COVID-positive census,10
2020-09-15,Hartford,Inpatient COVID-positive census,29
2020-09-15,Litchfield,Inpatient COVID-positive census,2
2020-09-15,Middlesex,Inpatient COVID-positive census,3
2020-09-15,New Haven,Inpatient COVID-positive census,21
2020-09-15,New London,Inpatient COVID-positive census,4
2020-09-15,Tolland,Inpatient COVID-positive census,0
2020-09-15,Windham,Inpatient COVID-positive census,1
2020-09-16,Fairfield,Inpatient COVID-positive census,16
2020-09-16,Hartford,Inpatient COVID-positive census,27
2020-09-16,Litchfield,Inpatient COVID-positive census,2
2020-09-16,Middlesex,Inpatient COVID-positive census,4
2020-09-16,New Haven,Inpatient COVID-positive census,21
2020-09-16,New London,Inpatient COVID-positive census,4
2020-09-16,Tolland,Inpatient COVID-positive census,0
2020-09-16,Windham,Inpatient COVID-positive census,1
2020-09-17,Fairfield,Inpatient COVID-positive census,17
2020-09-17,Hartford,Inpatient COVID-positive census,27
2020-09-17,Litchfield,Inpatient COVID-positive census,1
2020-09-17,Middlesex,Inpatient COVID-positive census,4
2020-09-17,New Haven,Inpatient COVID-positive census,25
2020-09-17,New London,Inpatient COVID-positive census,2
2020-09-17,Tolland,Inpatient COVID-positive census,0
2020-09-17,Windham,Inpatient COVID-positive census,1
2020-09-18,Fairfield,Inpatient COVID-positive census,16
2020-09-18,Hartford,Inpatient COVID-positive census,23
2020-09-18,Litchfield,Inpatient COVID-positive census,2
2020-09-18,Middlesex,Inpatient COVID-positive census,3
2020-09-18,New Haven,Inpatient COVID-positive census,27
2020-09-18,New London,Inpatient COVID-positive census,2
2020-09-18,Tolland,Inpatient COVID-positive census,0
2020-09-18,Windham,Inpatient COVID-positive census,3
2020-09-19,Fairfield,Inpatient COVID-positive census,17
2020-09-19,Hartford,Inpatient COVID-positive census,24
2020-09-19,Litchfield,Inpatient COVID-positive census,2
2020-09-19,Middlesex,Inpatient COVID-positive census,3
2020-09-19,New Haven,Inpatient COVID-positive census,26
2020-09-19,New London,Inpatient COVID-positive census,4
2020-09-19,Tolland,Inpatient COVID-positive census,0
2020-09-19,Windham,Inpatient COVID-positive census,2
2020-09-20,Fairfield,Inpatient COVID-positive census,16
2020-09-20,Hartford,Inpatient COVID-positive census,21
2020-09-20,Litchfield,Inpatient COVID-positive census,1
2020-09-20,Middlesex,Inpatient COVID-positive census,2
2020-09-20,New Haven,Inpatient COVID-positive census,21
2020-09-20,New London,Inpatient COVID-positive census,4
2020-09-20,Tolland,Inpatient COVID-positive census,0
2020-09-20,Windham,Inpatient COVID-positive census,3
2020-09-21,Fairfield,Inpatient COVID-positive census,17
2020-09-21,Hartford,Inpatient COVID-positive census,22
2020-09-21,Litchfield,Inpatient COVID-positive census,1
2020-09-21,Middlesex,Inpatient COVID-positive census,2
2020-09-21,New Haven,Inpatient COVID-positive census,17
2020-09-21,New London,Inpatient COVID-positive census,8
2020-09-21,Tolland,Inpatient COVID-positive census,0
2020-09-21,Windham,Inpatient COVID-positive census,3
2020-09-22,Fairfield,Inpatient COVID-positive census,17
2020-09-22,Hartford,Inpatient COVID-positive census,26
2020-09-22,Litchfield,Inpatient COVID-positive census,1
2020-09-22,Middlesex,Inpatient COVID-positive census,3
2020-09-22,New Haven,Inpatient COVID-positive census,14
2020-09-22,New London,Inpatient COVID-positive census,9
2020-09-22,Tolland,Inpatient COVID-positive census,0
2020-09-22,Windham,Inpatient COVID-positive census,3
2020-09-23,Fairfield,Inpatient COVID-positive census,14
2020-09-23,Hartford,Inpatient COVID-positive census,28
2020-09-23,Litchfield,Inpatient COVID-positive census,0
2020-09-23,Middlesex,Inpatient COVID-positive census,1
2020-09-23,New Haven,Inpatient COVID-positive census,14
2020-09-23,New London,Inpatient COVID-positive census,11
2020-09-23,Tolland,Inpatient COVID-positive census,0
2020-09-23,Windham,Inpatient COVID-positive census,4
2020-09-24,Fairfield,Inpatient COVID-positive census,15
2020-09-24,Hartford,Inpatient COVID-positive census,30
2020-09-24,Litchfield,Inpatient COVID-positive census,0
2020-09-24,Middlesex,Inpatient COVID-positive census,2
2020-09-24,New Haven,Inpatient COVID-positive census,14
2020-09-24,New London,Inpatient COVID-positive census,11
2020-09-24,Tolland,Inpatient COVID-positive census,0
2020-09-24,Windham,Inpatient COVID-positive census,4
2020-09-25,Fairfield,Inpatient COVID-positive census,15
2020-09-25,Hartford,Inpatient COVID-positive census,28
2020-09-25,Litchfield,Inpatient COVID-positive census,2
2020-09-25,Middlesex,Inpatient COVID-positive census,4
2020-09-25,New Haven,Inpatient COVID-positive census,11
2020-09-25,New London,Inpatient COVID-positive census,13
2020-09-25,Tolland,Inpatient COVID-positive census,0
2020-09-25,Windham,Inpatient COVID-positive census,1
2020-09-26,Fairfield,Inpatient COVID-positive census,13
2020-09-26,Hartford,Inpatient COVID-positive census,21
2020-09-26,Litchfield,Inpatient COVID-positive census,1
2020-09-26,Middlesex,Inpatient COVID-positive census,4
2020-09-26,New Haven,Inpatient COVID-positive census,14
2020-09-26,New London,Inpatient COVID-positive census,12
2020-09-26,Tolland,Inpatient COVID-positive census,0
2020-09-26,Windham,Inpatient COVID-positive census,1
2020-09-27,Fairfield,Inpatient COVID-positive census,16
2020-09-27,Hartford,Inpatient COVID-positive census,25
2020-09-27,Litchfield,Inpatient COVID-positive census,0
2020-09-27,Middlesex,Inpatient COVID-positive census,3
2020-09-27,New Haven,Inpatient COVID-positive census,16
2020-09-27,New London,Inpatient COVID-positive census,14
2020-09-27,Tolland,Inpatient COVID-positive census,0
2020-09-27,Windham,Inpatient COVID-positive census,1
2020-09-28,Fairfield,Inpatient COVID-positive census,20
2020-09-28,Hartford,Inpatient COVID-positive census,31
2020-09-28,Litchfield,Inpatient COVID-positive census,0
2020-09-28,Middlesex,Inpatient COVID-positive census,5
2020-09-28,New Haven,Inpatient COVID-positive census,21
2020-09-28,New London,Inpatient COVID-positive census,13
2020-09-28,Tolland,Inpatient COVID-positive census,0
2020-09-28,Windham,Inpatient COVID-positive census,2
2020-09-29,Fairfield,Inpatient COVID-positive census,23
2020-09-29,Hartford,Inpatient COVID-positive census,38
2020-09-29,Litchfield,Inpatient COVID-positive census,1
2020-09-29,Middlesex,Inpatient COVID-positive census,5
2020-09-29,New Haven,Inpatient COVID-positive census,19
2020-09-29,New London,Inpatient COVID-positive census,16
2020-09-29,Tolland,Inpatient COVID-positive census,0
2020-09-29,Windham,Inpatient COVID-positive census,2
2020-09-30,Fairfield,Inpatient COVID-positive census,20
2020-09-30,Hartford,Inpatient COVID-positive census,39
2020-09-30,Litchfield,Inpatient COVID-positive census,2
2020-09-30,Middlesex,Inpatient COVID-positive census,5
2020-09-30,New Haven,Inpatient COVID-positive census,24
2020-09-30,New London,Inpatient COVID-positive census,15
2020-09-30,Tolland,Inpatient COVID-positive census,0
2020-09-30,Windham,Inpatient COVID-positive census,2
2020-10-01,Fairfield,Inpatient COVID-positive census,22
2020-10-01,Hartford,Inpatient COVID-positive census,41
2020-10-01,Litchfield,Inpatient COVID-positive census,2
2020-10-01,Middlesex,Inpatient COVID-positive census,3
2020-10-01,New Haven,Inpatient COVID-positive census,23
2020-10-01,New London,Inpatient COVID-positive census,17
2020-10-01,Tolland,Inpatient COVID-positive census,0
2020-10-01,Windham,Inpatient COVID-positive census,2
2020-04-08,Fairfield,Inpatient COVID-positive census,664
2020-04-08,Hartford,Inpatient COVID-positive census,275
2020-04-08,Litchfield,Inpatient COVID-positive census,25
2020-04-08,New Haven,Inpatient COVID-positive census,447
2020-04-08,New London,Inpatient COVID-positive census,15
2020-04-08,Tolland,Inpatient COVID-positive census,7
2020-04-08,Windham,Inpatient COVID-positive census,4
2020-04-08,Middlesex,Inpatient COVID-positive census,26
